<core:FragmentDefinition xmlns="sap.m" xmlns:core="sap.ui.core" xmlns:u="sap.ui.unified" xmlns:f="sap.ui.layout.form" xmlns:t="sap.ui.table"
	xmlns:l="sap.ui.layout">
	<Dialog id="dlg_changeunit" title="{i18n>changequalification}" draggable="true" resizable="true">
		<content>
			<f:SimpleForm id="sF_changeunit_data" title="" editable="true" layout="ResponsiveGridLayout">
				<f:content>
					<Select id="ld_select_cdq_employee" change="changeSelectedDefQualEmp">
						<layoutData>
							<l:GridData span="XL4 L4 M4 S12"/>
						</layoutData>
					</Select>
					<ComboBox id="ld_select_cdq_qualification">
						<layoutData>
							<l:GridData span="XL4 L4 M4 S12"/>
						</layoutData>
					</ComboBox>
					<DatePicker id="ld_dp_cdq_begda" placeholder="{i18n>validfrom}">
						<layoutData>
							<l:GridData span="XL4 L4 M4 S12"/>
						</layoutData>
					</DatePicker>
					<Button id="btn_cdq_save" press="createDefaultQualification" text="{i18n>save}">
						<layoutData>
							<l:GridData span="XL4 L4 M4 S12" linebreak="true"/>
						</layoutData>
					</Button>
				</f:content>
			</f:SimpleForm>
			<f:SimpleForm title="" layout="ResponsiveGridLayout">
				<f:content>
					<t:Table id="ld_tbl_cdq_overview" selectionMode="Single" rowSelectionChange="onDefQualEntrySelect">
						<t:columns>
							<t:Column>
								<Label text="{i18n>defaultqualification}" tooltip="{i18n>ttmainworkplace}"/>
								<t:template>
									<Text text="{QualText}" wrapping="false"/>
								</t:template>
							</t:Column>
							<t:Column>
								<Label text="{i18n>validfrom}" tooltip="{i18n>ttvalidfrom}"/>
								<t:template>
									<Text text="{path : 'Begda', type : 'sap.ui.model.type.Date'}"/>
								</t:template>
							</t:Column>
							<t:Column>
								<Label text="{i18n>validto}" tooltip="{i18n>ttvalidto}"/>
								<t:template>
									<Text text="{path : 'Endda', type : 'sap.ui.model.type.Date'}"/>
								</t:template>
							</t:Column>
						</t:columns>
					</t:Table>
				</f:content>
			</f:SimpleForm>
		</content>
		<endButton>
			<Button text="{i18n>close}" press="onCloseChangeDefaultQualificationDialog" tooltip="{i18n>ttclose}"></Button>
		</endButton>
	</Dialog>
</core:FragmentDefinition>