<core:FragmentDefinition xmlns="sap.m" xmlns:core="sap.ui.core" xmlns:u="sap.ui.unified" xmlns:f="sap.ui.layout.form" xmlns:t="sap.ui.table"
	xmlns:l="sap.ui.layout">
	<Dialog id="dlg_changeunit" title="{i18n>changeunit}" draggable="true" resizable="true">
		<content>
			<f:SimpleForm id="sF_changeunit_data" title="" editable="true" layout="ResponsiveGridLayout">
				<f:content>
					<Text text="{i18n>changeworkplace}">
						<layoutData>
							<l:GridData span="XL12 L12 M12 S12"/>
						</layoutData>
					</Text>
					<Select id="ld_select_cu_employee" change="onCuEmployeeChange">
						<layoutData>
							<l:GridData span="XL4 L4 M4 S12"/>
						</layoutData>
					</Select>
					<Select id="ld_select_cu_unit">
						<layoutData>
							<l:GridData span="XL4 L4 M4 S12"/>
						</layoutData>
					</Select>
					<DatePicker id="ld_tp_cu_begda" placeholder="{i18n>validfrom}">
						<layoutData>
							<l:GridData span="XL4 L4 M4 S12"/>
						</layoutData>
					</DatePicker>
					<Button id="btn_cu_save" press="onSaveUnitChange" text="{i18n>save}">
						<layoutData>
							<l:GridData span="XL4 L4 M4 S12" linebreak="true"/>
						</layoutData>
					</Button>
				</f:content>
			</f:SimpleForm>
			<f:SimpleForm title="" layout="ResponsiveGridLayout">
				<f:content>
					<t:Table id="ld_tbl_cu_overview" selectionMode="Single">
						<t:columns>
							<t:Column>
								<Label text="{i18n>mainworkplace}" tooltip="{i18n>ttmainworkplace}"/>
								<t:template>
									<Text text="{UnitText}" wrapping="false"/>
								</t:template>
							</t:Column>
							<t:Column>
								<Label text="{i18n>validfrom}" tooltip="{i18n>ttvalidfrom}"/>
								<t:template>
									<Text text="{Begda}" wrapping="false"/>
								</t:template>
							</t:Column>
							<t:Column>
								<Label text="{i18n>validto}" tooltip="{i18n>ttvalidto}"/>
								<t:template>
									<Text text="{Endda}" wrapping="false"/>
								</t:template>
							</t:Column>
						</t:columns>
					</t:Table>
				</f:content>
			</f:SimpleForm>
		</content>
		<endButton>
			<Button text="{i18n>close}" press="onCloseChangeUnitDialog" tooltip="{i18n>ttclose}"></Button>
		</endButton>
	</Dialog>
</core:FragmentDefinition>