<core:FragmentDefinition xmlns="sap.m" xmlns:core="sap.ui.core" xmlns:u="sap.ui.unified" xmlns:f="sap.ui.layout.form" xmlns:t="sap.ui.table"
	xmlns:l="sap.ui.layout">
	<Dialog title="{i18n>cicocreate}" draggable="true" resizable="true">
		<content>
			<f:Form editable="true" id="ld_form">
				<f:layout>
					<f:ResponsiveGridLayout/>
				</f:layout>
				<f:formContainers>
					<f:FormContainer>
						<f:formElements>
							<f:FormElement>
								<f:fields>
									<Text text="{i18n>newcico}"></Text>
								</f:fields>
							</f:FormElement>
							<f:FormElement>
								<f:fields>
									<Select id="ld_select_emp" change="onCicoEmployeeChange" tooltip="{i18n>ttselectemp}">
										<layoutData>
											<l:GridData span="XL3 L3 M3 S12"/>
										</layoutData>
									</Select>
									<DatePicker id="ld_dp_date" placeholder="{i18n>date}" change="onCicoDateChange" tooltip="{i18n>ttdate}">
										<layoutData>
											<l:GridData span="XL3 L3 M3 S12"/>
										</layoutData>
									</DatePicker>
									<TimePicker id="ld_tp_uz" valueFormat="HH:mm" displayFormat="HH:mm" placeholder="{i18n>time}" change="onCicoTimeChange"
										tooltip="{i18n>tttime}">
										<layoutData>
											<l:GridData span="XL3 L3 M3 S12"/>
										</layoutData>
									</TimePicker>
									<Select id="ld_select_timeevent" tooltip="{i18n>ttselecttimeeventty}">
										<layoutData>
											<l:GridData span="XL3 L3 M3 S12"/>
										</layoutData>
									</Select>
								</f:fields>
							</f:FormElement>
							<f:FormElement>
								<Button text="{i18n>savecico}" press="onSaveCico" tooltip="{i18n>ttsavecico}">
									<layoutData>
										<l:GridData span="XL3 L3 M3 S12" linebreak="true"/>
									</layoutData>
								</Button>
							</f:FormElement>
							<f:FormElement>
								<Text text="{i18n>cicooverview}"></Text>
							</f:FormElement>
							<f:FormElement>
								<t:Table id="ld_tbl_cicooverview" selectionMode="Single" selectionBehavior="Row" visibleRowCount="7" alternateRowColors="true" width="auto">
									<t:layoutData>
										<l:GridData span="XL12 L12 M12 S12"/>
									</t:layoutData>
									<t:columns>
										<t:Column>
											<Label text="{i18n>subtytimeevent}" tooltip="{i18n>ttsubtytimeeventtable}"/>
											<t:template>
												<Text text="{TimeeventTy}" wrapping="false"/>
											</t:template>
										</t:Column>
										<t:Column>
											<Label text="{i18n>ttdescription}" tooltip="{i18n>ttdescription}"/>
											<t:template>
												<Text text="{TimeeventText}" wrapping="false"/>
											</t:template>
										</t:Column>
										<t:Column>
											<Label text="{i18n>time}" tooltip="{i18n>tttimetable}"/>
											<t:template>
												<Text text="{Ltime}" wrapping="false"/>
											</t:template>
										</t:Column>
									</t:columns>
								</t:Table>
							</f:FormElement>
							<f:FormElement>
								<Button text="{i18n>deletecico}" press="onDeleteCico" tooltip="{i18n>ttdeletecico}">
									<layoutData>
										<l:GridData span="XL2 L2 M3 S12"/>
									</layoutData>
								</Button>
							</f:FormElement>
						</f:formElements>
					</f:FormContainer>
				</f:formContainers>
			</f:Form>
		</content>
		<endButton>
			<Button text="{i18n>close}" press="onCloseCicoDialog" tooltip="{i18n>ttclose}"></Button>
		</endButton>
	</Dialog>
</core:FragmentDefinition>