<core:FragmentDefinition xmlns="sap.m" xmlns:core="sap.ui.core" xmlns:dnd="sap.ui.core.dnd" xmlns:t="sap.ui.table"
	xmlns:f="sap.ui.layout.form" xmlns:l="sap.ui.layout">
	<Dialog title="{i18n>employeesortheader}" id="dialog_employeesort" draggable="true" resizable="true" contentWidth="300px">
		<content>
			<!--<f:SimpleForm layout="ResponsiveGridLayout">
				<Text text="{i18n>sortnumber}" tooltip="{i18n>sortnumber}">
					<layoutData>
						<l:GridData span="XL4 L4 M4 S4" linebreak="false"/>
					</layoutData>
				</Text>
				<Text text="{i18n>employeetext}" tooltip="{i18n>employeetext}">
					<layoutData>
						<l:GridData span="XL6 L6 M6 S6"/>
					</layoutData>
				</Text>
				<HBox>
					<VBox id="vb_sort_employees"></VBox>
				</HBox>
			</f:SimpleForm>-->
			<List id="idSortEmp" items="{path: 'empList>/'}" >
				<items>
					<StandardListItem title="{empList>Name}"/>
				</items>
				<dragDropConfig>
					<dnd:DragDropInfo sourceAggregation="items" targetAggregation="items" dropPosition="Between" drop="onEmployeeSortDrop" />
				</dragDropConfig>
			</List>
		</content>
		<beginButton>
			<Button id="btn_empSort_save" text="{i18n>save}" tooltip="{i18n>ttsave}" press="saveEmpSort"></Button>
		</beginButton>
		<endButton>
			<Button text="{i18n>close}" press="closeSortEmp" tooltip="{i18n>ttclose}"></Button>
		</endButton>
	</Dialog>
</core:FragmentDefinition>