<core:FragmentDefinition xmlns="sap.m" xmlns:core="sap.ui.core" xmlns:u="sap.ui.unified" xmlns:f="sap.ui.layout.form" xmlns:t="sap.ui.table"
	xmlns:l="sap.ui.layout">
	<Dialog title="{i18n>leavecreate}" draggable="true" resizable="true">
		<content>
			<f:Form editable="true" id="ld_form">
				<f:layout>
					<f:ResponsiveGridLayout emptySpanS="1" emptySpanM="1" emptySpanL="1" emptySpanXL="1"/>
				</f:layout>
				<f:formContainers>
					<f:FormContainer>
						<f:formElements>
							<f:FormElement>
								<f:fields>
									<Text text="{i18n>newleave}"></Text>
								</f:fields>
							</f:FormElement>
							<f:FormElement>
								<f:fields>
									<Select id="ld_select_emp" change="onEmployeeSelect" tooltip="{i18n>ttselectemp}">
										<layoutData>
											<l:GridData span="XL3 L3 M3 S12"/>
										</layoutData>
									</Select>
									<DatePicker id="ld_dp_begda_leave" placeholder="{i18n>from}" tooltip="{i18n>ttbegda}" change="onLeaveInputChange">
										<layoutData>
											<l:GridData span="XL3 L3 M3 S12"/>
										</layoutData>
									</DatePicker>
									<DatePicker id="ld_dp_endda_leave" placeholder="{i18n>to}" tooltip="{i18n>ttendda}" change="onLeaveInputChange">
										<layoutData>
											<l:GridData span="XL3 L3 M3 S12"/>
										</layoutData>
									</DatePicker>
									<Select id="ld_select_subty_leave" tooltip="{i18n>ttselectsubtyleave}" change="onLeaveSubtyChange">
										<layoutData>
											<l:GridData span="XL3 L3 M3 S12"/>
										</layoutData>
									</Select>
									<TimePicker id="ld_tp_beguz_leave" valueFormat="HH:mm" displayFormat="HH:mm" placeholder="{i18n>timefrom}" tooltip="{i18n>tttimefrom}"
										visible="false" change="onInputChange">
										<layoutData>
											<l:GridData span="XL3 L3 M3 S12" moveForward="XL3 L3 M3"/>
										</layoutData>
									</TimePicker>
									<Input id="ld_inp_duration_leave" placeholder="{i18n>duration}" tooltip="{i18n>duration}" type="Number" change="onChangeDurationAbsence"
										visible="false">
										<layoutData>
											<l:GridData span="XL3 L3 M3 S12" moveForward="XL3 L3 M3"/>
										</layoutData>
									</Input>
									<TimePicker id="ld_tp_enduz_leave" valueFormat="HH:mm" displayFormat="HH:mm" placeholder="{i18n>timeto}" tooltip="{i18n>tttimeto}"
										visible="false" change="onInputChange">
										<layoutData>
											<l:GridData span="XL3 L3 M3 S12" moveForward="XL3 L3 M3"/>
										</layoutData>
									</TimePicker>
								</f:fields>
							</f:FormElement>
							<f:FormElement>
								<Button text="{i18n>saveleave}" press="onSaveLeave" tooltip="{i18n>ttsaveleave}">
									<layoutData>
										<l:GridData span="XL3 L3 M3 S12" linebreak="true"/>
									</layoutData>
								</Button>
							</f:FormElement>
							<f:FormElement>
								<Text text="{i18n>leaveoverview}"></Text>
							</f:FormElement>
							<f:FormElement>
								<t:Table id="ld_tbl_leaveoverview" selectionMode="Single" selectionBehavior="Row" visibleRowCount="7" alternateRowColors="true">
									<t:layoutData>
										<l:GridData span="XL12 L12 M12 S12"/>
									</t:layoutData>
									<t:columns>
										<t:Column>
											<Label text="{i18n>subtyleave}" tooltip="{i18n>ttsubtyleavetable}"/>
											<t:template>
												<Text text="{SubtyText}" wrapping="false"/>
											</t:template>
										</t:Column>
										<t:Column>
											<Label text="{i18n>begda}" tooltip="{i18n>ttbegdatable}"/>
											<t:template>
												<Text text="{Begda}" wrapping="false"/>
											</t:template>
										</t:Column>
										<t:Column>
											<Label text="{i18n>endda}" tooltip="{i18n>ttenddatable}"/>
											<t:template>
												<Text text="{Endda}" wrapping="false"/>
											</t:template>
										</t:Column>
										<t:Column>
											<Label text="{i18n>starttime}" tooltip="{i18n>tttimefromtable}"/>
											<t:template>
												<Text text="{Beguz}" wrapping="false"/>
											</t:template>
										</t:Column>
										<t:Column>
											<Label text="{i18n>endtime}" tooltip="{i18n>tttimetotable}"/>
											<t:template>
												<Text text="{Enduz}" wrapping="false"/>
											</t:template>
										</t:Column>
									</t:columns>
								</t:Table>
							</f:FormElement>
							<f:FormElement>
								<Button text="{i18n>cancelleave}" press="onCancelLeave" tooltip="{i18n>ttcancelleave}">
									<layoutData>
										<l:GridData span="XL3 L3 M3 S12"/>
									</layoutData>
								</Button>
							</f:FormElement>
						</f:formElements>
					</f:FormContainer>
				</f:formContainers>
			</f:Form>
		</content>
		<endButton>
			<Button text="{i18n>close}" press="onCloseLeaveDialog" tooltip="{i18n>ttclose}"></Button>
		</endButton>
	</Dialog>
</core:FragmentDefinition>