<core:FragmentDefinition xmlns="sap.m" xmlns:core="sap.ui.core" xmlns:u="sap.ui.unified" xmlns:f="sap.ui.layout.form" xmlns:t="sap.ui.table"
	xmlns:l="sap.ui.layout">
	<Dialog title="{i18n>maintaindemand}" stretch="true" draggable="true" resizable="true">
		<content>
			<f:SimpleForm title="" layout="ResponsiveGridLayout" editable="true">
				<Select id="md_select_qual">
					<!--items="{/qualificationSet}">-->
					<!--<core:Item key="{QualId}" text="{QualQtext}"/>-->
					<layoutData>
						<l:GridData span="XL4 L4 M4 S12"/>
					</layoutData>
				</Select>
				<DatePicker id="dp_period_begda" placeholder="{i18n>shiftFrom}" change="onChangeDemandBegda">
					<layoutData>
						<l:GridData span="XL4 L4 M4 S12"/>
					</layoutData>
				</DatePicker>
				<DatePicker id="dp_period_endda" placeholder="{i18n>shiftTo}" change="onChangeDemandEndda">
					<layoutData>
						<l:GridData span="XL4 L4 M4 S12"/>
					</layoutData>
				</DatePicker>
				<!--<Select id="ld_select_shift" tooltip="{i18n>ttselectshift}" change="onShiftChange">
					<layoutData>
						<l:GridData span="XL4 L4 M4 S12"/>
					</layoutData>
				</Select>
				<CheckBox id="chb_ownShiftTimes" text="{i18n>ownShiftTimes}" select="onSelectOwnShiftTime">
					<layoutData>
						<l:GridData span="XL8 L8 M8 S12"/>
					</layoutData>
				</CheckBox>-->
				<TimePicker id="ld_tp_beguz_shift" valueFormat="HH:mm" displayFormat="HH:mm" placeholder="{i18n>timefrom}" tooltip="{i18n>tttimefrom}"
					visible="true" change="onInputChange">
					<layoutData>
						<l:GridData span="XL4 L4 M4 S12"/>
					</layoutData>
				</TimePicker>
				<TimePicker id="ld_tp_enduz_shift" valueFormat="HH:mm" displayFormat="HH:mm" placeholder="{i18n>timeto}" tooltip="{i18n>tttimeto}"
					visible="true" change="onInputChange">
					<layoutData>
						<l:GridData span="XL4 L4 M4 S12"/>
					</layoutData>
				</TimePicker>
				<CheckBox id="chb_qualification" text="{i18n>noDisposition}">
					<layoutData>
						<l:GridData span="XL4 L4 M4 S12"/>
					</layoutData>
				</CheckBox>
				<Text id="lbl_emps_per_day" text="{i18n>empsperday}">
					<layoutData>
						<l:GridData span="XL12 L12 M12 S12" linebreak="true"/>
					</layoutData>
				</Text>
				<CheckBox id="chb_overload" text="{i18n>overload}">
					<layoutData>
						<l:GridData span="XL4 L4 M4 S12" linebreak="true"/>
					</layoutData>
				</CheckBox>
				<Input id="md_i_mo" placeholder="{i18n>monday}" tooltip="{i18n>ttmonday}" type="Number">
					<layoutData>
						<l:GridData span="XL3 L3 M3 S4" linebreak="true"/>
					</layoutData>
				</Input>
				<Input id="md_i_tu" placeholder="{i18n>tuesday}" tooltip="{i18n>tttuesday}" type="Number">
					<layoutData>
						<l:GridData span="XL3 L3 M3 S4"/>
					</layoutData>
				</Input>
				<Input id="md_i_we" placeholder="{i18n>wednesday}" tooltip="{i18n>ttwednesday}" type="Number">
					<layoutData>
						<l:GridData span="XL3 L3 M3 S4"/>
					</layoutData>
				</Input>
				<Input id="md_i_th" placeholder="{i18n>thursday}" tooltip="{i18n>ttthursday}" type="Number">
					<layoutData>
						<l:GridData span="XL3 L3 M3 S4"/>
					</layoutData>
				</Input>
				<Input id="md_i_fr" placeholder="{i18n>friday}" tooltip="{i18n>ttfriday}" type="Number">
					<layoutData>
						<l:GridData span="XL3 L3 M3 S4"/>
					</layoutData>
				</Input>
				<Input id="md_i_sa" placeholder="{i18n>saturday}" tooltip="{i18n>ttsaturday}" type="Number">
					<layoutData>
						<l:GridData span="XL3 L3 M3 S4"/>
					</layoutData>
				</Input>
				<Input id="md_i_su" placeholder="{i18n>sunday}" tooltip="{i18n>ttsunday}" type="Number">
					<layoutData>
						<l:GridData span="XL3 L3 M3 S4"/>
					</layoutData>
				</Input>
				<Input id="md_i_ho" placeholder="{i18n>holiday}" tooltip="{i18n>ttholiday}" type="Number">
					<layoutData>
						<l:GridData span="XL3 L3 M3 S4"/>
					</layoutData>
				</Input>
				<Button id="btn_md_save" text="{i18n>txtsave}" press="onSaveNewDemand" enabled="true">
					<layoutData>
						<l:GridData span="XL3 L3 M3 S4"/>
					</layoutData>
				</Button>
				<Button id="btn_md_change" text="{i18n>btnchange}" enabled="false" press="onChangeDemandEntry">
					<layoutData>
						<l:GridData span="XL3 L3 M3 S4"/>
					</layoutData>
				</Button>
				<Button id="btn_md_copy" text="{i18n>btncopy}" enabled="false" press="onCopyDemandEntry">
					<layoutData>
						<l:GridData span="XL3 L3 M3 S4"/>
					</layoutData>
				</Button>
				<Button id="btn_md_cancel" text="{i18n>txtcancel}" press="onCancelDemandEditing" enabled="true">
					<layoutData>
						<l:GridData span="XL3 L3 M3 S4"/>
					</layoutData>
				</Button>
				<VBox>
					<layoutData>
						<l:GridData span="XL12 L12 M12 S12"/>
					</layoutData>
					<t:Table id="tbl_md_demands" selectionMode="Single" selectionBehavior="RowOnly" visibleRowCount="9"
						rowSelectionChange="onDemandTableSelectionChange">
						<t:columns>
							<t:Column>
								<Label text="{i18n>tblworkplace}" tooltip="{i18n>tttblworkplace}"/>
								<t:template>
									<Text text="{QualText}"/>
								</t:template>
							</t:Column>
							<t:Column>
								<Label text="{i18n>shiftFrom}"/>
								<t:template>
									<Text text="{Begda}"/>
								</t:template>
							</t:Column>
							<t:Column>
								<Label text="{i18n>shiftTo}"/>
								<t:template>
									<Text text="{Endda}"/>
								</t:template>
							</t:Column>
							<!--<t:Column>
								<Label text="{i18n>tblshift}" tooltip="{i18n>tttblshift}"/>
								<t:template>
									<Text text="{ShiftText}"/>
								</t:template>
							</t:Column>-->
							<t:Column>
								<Label text="{i18n>shiftFrom}"/>
								<t:template>
									<Text text="{Beguz}"/>
								</t:template>
							</t:Column>
							<t:Column>
								<Label text="{i18n>shiftTo}"/>
								<t:template>
									<Text text="{Enduz}"/>
								</t:template>
							</t:Column>
							<t:Column>
								<Label text="{i18n>tbloverload}" tooltip="{i18n>tttbloverload}"/>
								<t:template>
									<Text text="{ path: 'Override', formatter: '.formatter.tableBooleanText'}"/>
								</t:template>
							</t:Column>
							<t:Column>
								<Label text="{i18n>noDispositionShort}" tooltip="{i18n>noDisposition}"/>
								<t:template>
									<Text text="{ path: 'WithoutDisposition', formatter: '.formatter.tableBooleanText'}"/>
								</t:template>
							</t:Column>
							<t:Column>
								<Label text="{i18n>tblmonday}"/>
								<t:template>
									<Text text="{Monday}"/>
								</t:template>
							</t:Column>
							<t:Column>
								<Label text="{i18n>tbltuesday}"/>
								<t:template>
									<Text text="{Tuesday}"/>
								</t:template>
							</t:Column>
							<t:Column>
								<Label text="{i18n>tblwednesday}"/>
								<t:template>
									<Text text="{Wednesday}"/>
								</t:template>
							</t:Column>
							<t:Column>
								<Label text="{i18n>tblthursday}"/>
								<t:template>
									<Text text="{Thursday}"/>
								</t:template>
							</t:Column>
							<t:Column>
								<Label text="{i18n>tblfriday}"/>
								<t:template>
									<Text text="{Friday}"/>
								</t:template>
							</t:Column>
							<t:Column>
								<Label text="{i18n>tblsaturday}"/>
								<t:template>
									<Text text="{Saturday}"/>
								</t:template>
							</t:Column>
							<t:Column>
								<Label text="{i18n>tblsunday}"/>
								<t:template>
									<Text text="{Sunday}"/>
								</t:template>
							</t:Column>
							<t:Column>
								<Label text="{i18n>tblholiday}"/>
								<t:template>
									<Text text="{Holiday}"/>
								</t:template>
							</t:Column>
						</t:columns>
					</t:Table>
				</VBox>
				<Button id="btn_md_delete" text="{i18n>delete}" press="onDeleteDemand" enabled="false">
					<layoutData>
						<l:GridData span="XL3 L3 M3 S4" linebreak="true"/>
					</layoutData>
				</Button>
			</f:SimpleForm>
		</content>
		<endButton>
			<Button text="{i18n>close}" press="onCloseMaintainDemand" tooltip="{i18n>ttclose}"></Button>
		</endButton>
	</Dialog>
</core:FragmentDefinition>