<core:FragmentDefinition xmlns="sap.m" xmlns:core="sap.ui.core" xmlns:uc="sap.ui.unified.calendar" xmlns:f="sap.ui.layout.form">
	<Dialog title="{i18n>empexcelbutton}" draggable="true" resizable="true">
		<content>
			<f:SimpleForm id="emp_excel_sf_form" layout="ResponsiveGridLayout" editable="true" width="500px">
				<f:content>
					<VBox>
						<Label text="{i18n>datepicker}"></Label>
						<DatePicker id="dp_emp_excel_date" placeholder="{i18n>date}" tooltip="{i18n>ttdate}"></DatePicker>
					</VBox>
				</f:content>
			</f:SimpleForm>
		</content>
		<beginButton>
			<Button id="btn_download_emp_excel" text="{i18n>download}" tooltip="{i18n>ttdownload}"></Button>
		</beginButton>
		<endButton>
			<Button text="{i18n>close}" press="onCloseEmpExcelPopup" tooltip="{i18n>ttclose}"></Button>
		</endButton>
	</Dialog>
</core:FragmentDefinition>