<core:FragmentDefinition xmlns="sap.m" xmlns:core="sap.ui.core" xmlns:u="sap.ui.unified" xmlns:f="sap.ui.layout.form" xmlns:t="sap.ui.table"
	xmlns:l="sap.ui.layout">
	<Dialog title="" contentWidth="800px" contentHeight="900px" draggable="true" resizable="true">
		<content>
			<u:CalendarDateInterval id="cal_date_int_pool" days="14" width="100%" intervalSelection="true"/>
			<f:SimpleForm layout="ResponsiveGridLayout" editable="true" labelSpanL="1" labelSpanXL="1" labelSpanM="2" labelSpanS="12">
				<f:content>
					<Label id="lbl_pool" text="Poolmitarbeiter"></Label>
					<Input id="inp_pool" valueStateText="{i18n>enterpoolname}" tooltip="{i18n>ttenterpoolname}"></Input>
					<Select id="select_pool_quals" tooltip="{i18n>ttselectpoolquals}">
						<layoutData>
							<l:GridData span="XL3 L3 M4 S12"/>
						</layoutData>
					</Select>
					<t:Table id="tbl_pool_emps" rowActionCount="1" selectionMode="Single" selectionBehavior="Row" visibleRowCount="7">
						<t:rowActionTemplate>
							<t:RowAction>
								<t:items>
									<t:RowActionItem type="Delete" icon="sap-icon://delete" press="onPoolDelete" tooltip="{i18n>ttpooldelete}"></t:RowActionItem>
								</t:items>
							</t:RowAction>
						</t:rowActionTemplate>
						<t:layoutData>
							<l:GridData span="XL12 L12 M12 S12"/>
						</t:layoutData>
						<t:columns>
							<t:Column>
								<Label text="{i18n>employeekey}" tooltip="{i18n>ttemployeekey}"/>
								<t:template>
									<Text text="{EmpId}"></Text>
								</t:template>
							</t:Column>
							<t:Column>
								<Label text="{i18n>employeetext}" tooltip="{i18n>ttemployeetext}"/>
								<t:template>
									<Text text="{EmpName}"></Text>
								</t:template>
							</t:Column>
							<t:Column>
								<Label text="{i18n>employeequal}" tooltip="{i18n>ttemployeequal}"/>
								<t:template>
									<Text text="{EmpQual}"></Text>
								</t:template>
							</t:Column>
							<t:Column>
								<Label text="{i18n>employeetimeframe}" tooltip="{i18n>ttemployeetimeframe}"/>
								<t:template>
									<Text text="{Timeframe}"></Text>
								</t:template>
							</t:Column>
						</t:columns>
					</t:Table>
				</f:content>
			</f:SimpleForm>
		</content>
		<beginButton>
			<Button id="btn_emp_add_pool" text="{i18n>adduser}" tooltip="{i18n>ttadduser}"></Button>
		</beginButton>
		<endButton>
			<Button text="{i18n>close}" press="closeAddPoolEmployee" tooltip="{i18n>ttclose}"></Button>
		</endButton>
	</Dialog>
</core:FragmentDefinition>