<core:FragmentDefinition xmlns="sap.m" xmlns:core="sap.ui.core" xmlns:u="sap.ui.unified" xmlns:f="sap.ui.layout.form" xmlns:t="sap.ui.table"
	xmlns:l="sap.ui.layout">
	<Dialog title="{i18n>shiftsubtitutionheader}" draggable="true" resizable="true">
		<content>
			<f:SimpleForm id="sf_shiftSubstitution" layout="ResponsiveGridLayout" visible="true" editable="true" labelSpanL="1" labelSpanXL="1"
				labelSpanM="2" labelSpanS="12">
				<DatePicker id="ld_dp_startDate" placeholder="{i18n>validfrom}" change="onChangeShiftSubstStart" tooltip="{i18n>ttdate}">
					<layoutData>
						<l:GridData span="XL6 L6 M6 S12"/>
					</layoutData>
				</DatePicker>
				<DatePicker id="ld_dp_endDate" placeholder="{i18n>validto}" change="onChangeShiftSubstEnd" tooltip="{i18n>ttdate}">
					<layoutData>
						<l:GridData span="XL6 L6 M6 S12"/>
					</layoutData>
				</DatePicker>
				<Text text="{i18n>substshiftfrom}">
					<layoutData>
						<l:GridData span="XL3 L3 M3 S12" linebreak="true"/>
					</layoutData>
				</Text>
				<!--<Select id="ld_select_empfrom" tooltip="{i18n>ttselectemp}" items="{/empSortSet}">-->
				<Select id="ld_select_empfrom" tooltip="{i18n>ttselectemp}">
					<!--<core:Item key="{EmpId}" text="{Name}"/>-->
					<!--<layoutData>-->
					<!--	<l:GridData span="XL6 L6 M6 S12"/>-->
					<!--</layoutData>-->
				</Select>
				<Text text="{i18n>substshiftto}">
					<layoutData>
						<l:GridData span="XL3 L3 M3 S12" linebreak="true"/>
					</layoutData>
				</Text>
				<!--<Select id="ld_select_empto" tooltip="{i18n>ttselectemp}" items="{/empSortSet}">-->
				<Select id="ld_select_empto" tooltip="{i18n>ttselectemp}">
					<core:Item key="{EmpId}" text="{Name}"/>
					<layoutData>
						<l:GridData span="XL6 L6 M6 S12"/>
					</layoutData>
				</Select>
				<CheckBox id="chb_substUnit" text="{i18n>substunit}">
					<layoutData>
						<l:GridData span="XL4 L4 M4 S12" linebreak="true"/>
					</layoutData>
				</CheckBox>
				<CheckBox id="chb_substShifts" text="{i18n>substshifts}" select="onSelectShiftSubstitutionShift">
					<layoutData>
						<l:GridData span="XL4 L4 M4 S12" linebreak="true"/>
					</layoutData>
				</CheckBox>
				<CheckBox id="chb_substShiftsSubty" text="{i18n>shiftchange_voluntary}" enabled="false">
					<layoutData>
						<l:GridData span="XL4 L4 M4 S12" linebreak="true"/>
					</layoutData>
				</CheckBox>
				<Button id="btn_substShift" text="{i18n>save}" press="onSaveShiftSubst">
					<layoutData>
						<l:GridData span="XL3 L3 M3 S4" linebreak="true"/>
					</layoutData>
				</Button>
			</f:SimpleForm>
		</content>
		<endButton>
			<Button text="{i18n>close}" press="closeShiftSubstitutionDialog" tooltip="{i18n>ttclose}"></Button>
		</endButton>
	</Dialog>
</core:FragmentDefinition>