<core:FragmentDefinition xmlns="sap.m" xmlns:ux="sap.uxap" xmlns:core="sap.ui.core" xmlns:u="sap.ui.unified" xmlns:f="sap.ui.layout.form"
	xmlns:t="sap.ui.table" xmlns:l="sap.ui.layout">
	<Dialog title="{i18n>timeManager}" verticalScrolling="false" stretch="true">
		<content>
			<ux:ObjectPageLayout id="ObjectPageLayout" alwaysShowContentHeader="true">
				<ux:headerContent>
					<f:SimpleForm layout="ResponsiveGridLayout" editable="true" width="90%">
						<FlexBox justifyContent="Center">
							<VBox width="100%">
								<ComboBox width="100%" id="ld_select_emp" change="onEmployeeChangeTimeOverview" tooltip="{i18n>ttselectemp}">
									<layoutData>
										<l:GridData span="XL4 L4 M4 S12"/>
									</layoutData>
								</ComboBox>
							</VBox>
							<VBox>
								<Button id="btn_to_oneDayBack" press="onTimesOverviewOneDayBack" icon="sap-icon://arrow-left">
									<layoutData>
										<l:GridData span="XL1 L1 M1 S1"/>
									</layoutData>
								</Button>
							</VBox>
							<VBox width="100%">
								<DatePicker id="ld_dp_currentDate" placeholder="{i18n>from}" change="onChangeTimeOverviewDate" tooltip="{i18n>ttbegda}">
									<layoutData>
										<l:GridData span="XL4 L4 M4 S10"/>
									</layoutData>
								</DatePicker>
								<Input id="inp_calendarWeek" editable="false"/>
							</VBox>
							<VBox width="100%">
								<Button id="btn_to_oneDayFor" press="onTimesOverviewOneDayFor" icon="sap-icon://arrow-right">
									<layoutData>
										<l:GridData span="XL1 L1 M1 S1"/>
									</layoutData>
								</Button>
							</VBox>
						</FlexBox>
					</f:SimpleForm>
				</ux:headerContent>
				<ux:sections>
					<ux:ObjectPageSection id="pnl_rptime" title="{i18n>rptimemsg}">
						<ux:subSections>
							<ux:ObjectPageSubSection>
								<ux:blocks>
									<Panel expandable="true" headerText="{i18n>rptimemsg}">
										<HBox>
											<f:SimpleForm title="" layout="ResponsiveGridLayout" editable="true">
												<Button text="{i18n>rptime}" press="onStartRptimeTimesOverview">
													<layoutData>
														<l:GridData span="XL3 L3 M3 S12" linebreak="true"/>
													</layoutData>
												</Button>
												<List id="li_rp_to_msg" growing="true" growingThreshold="5">
													<layoutData>
														<l:GridData span="XL6 L6 M6 S12" linebreak="true"/>
													</layoutData>
													<dependents>
														<ObjectListItem id="oli_rp_to_template" title="{MessageText}" type="Active" intro="{ path: 'Begda', formatter: '.formatter.formatDate'}"
															press="onClickRptimeMsg"></ObjectListItem>
													</dependents>
												</List>
											</f:SimpleForm>
										</HBox>
									</Panel>
								</ux:blocks>
							</ux:ObjectPageSubSection>
						</ux:subSections>
					</ux:ObjectPageSection>
					<ux:ObjectPageSection id="pnl_absence" title="{i18n>absencePanelHeader}">
						<ux:subSections>
							<ux:ObjectPageSubSection>
								<ux:blocks>
									<VBox>
										<f:SimpleForm title="" layout="ResponsiveGridLayout" editable="true">
											<DatePicker id="ld_dp_begda_leave"
												value="{type: 'sap.ui.model.type.DateTime', formatOptions: { style: 'long', strictParsing: true , UTC: true }}" placeholder="{i18n>from}"
												tooltip="{i18n>ttbegda}" change="onLeaveInputChange">
												<layoutData>
													<l:GridData span="XL3 L3 M3 S12"/>
												</layoutData>
											</DatePicker>
											<DatePicker id="ld_dp_endda_leave" placeholder="{i18n>to}" tooltip="{i18n>ttendda}" change="onLeaveInputChange">
												<layoutData>
													<l:GridData span="XL3 L3 M3 S12"/>
												</layoutData>
											</DatePicker>
											<CheckBox id="chb_absence_day" text="{i18n>previousday}">
												<layoutData>
													<l:GridData span="XL3 L3 M3 S12"/>
												</layoutData>
											</CheckBox>
											<Select id="ld_select_subty_leave" tooltip="{i18n>ttselectsubtyleave}" change="onLeaveSubtyChange">
												<layoutData>
													<l:GridData span="XL3 L3 M3 S12" linebreak="true"/>
												</layoutData>
											</Select>
											<Select id="ld_select_subty_reason" forceSelection="false" tooltip="{i18n>ttselectsubtyreason}" visible="false"
												change="checkCommentAbsenceReason">
												<layoutData>
													<l:GridData span="XL3 L3 M3 S12"/>
												</layoutData>
												<core:Item key="{CommentKey}" text="{Comment}"></core:Item>
											</Select>
											<Input id="ld_inp_subty_reason" placeholder="{i18n>comment}" visible="false" maxLength="50">
												<layoutData>
													<l:GridData span="XL3 L3 M3 S12"/>
												</layoutData>
											</Input>
											<TimePicker id="ld_tp_beguz_leave" valueFormat="HH:mm" displayFormat="HH:mm" placeholder="{i18n>timefrom}" tooltip="{i18n>tttimefrom}"
												visible="false" change="onInputChangeAbsBeguz">
												<layoutData>
													<l:GridData span="XL3 L3 M3 S12" linebreak="true"/>
												</layoutData>
											</TimePicker>
											<Input id="ld_inp_duration_leave" placeholder="{i18n>duration}" tooltip="{i18n>duration}" type="Number" editable="false"
												change="onChangeDurationAbsence" visible="false">
												<layoutData>
													<l:GridData span="XL3 L3 M3 S12"/>
												</layoutData>
											</Input>
											<TimePicker id="ld_tp_enduz_leave" valueFormat="HH:mm" displayFormat="HH:mm" placeholder="{i18n>timeto}" tooltip="{i18n>tttimeto}"
												visible="false" change="onInputChangeAbsEnduz">
												<layoutData>
													<l:GridData span="XL3 L3 M3 S12"/>
												</layoutData>
											</TimePicker>
											<CheckBox id="chb_sprps" text="{i18n>sprps}" visible="false" select="onInputChangeAbs">
												<layoutData>
													<l:GridData span="XL4 L4 M4 S12" linebreak="true"/>
												</layoutData>
											</CheckBox>
											<Button id="btn_leaveSave" text="{i18n>saveleave}" press="onSaveLeave" tooltip="{i18n>ttsaveleave}">
												<layoutData>
													<l:GridData span="XL3 L3 M3 S12" linebreak="true"/>
												</layoutData>
											</Button>
											<Button id="btn_leaveEdit" text="{i18n>editleaveoverview}" press="onUpdateLeave" tooltip="{i18n>tteditleaveoverview}" enabled="false">
												<layoutData>
													<l:GridData span="XL3 L3 M3 S12"/>
												</layoutData>
											</Button>
											<Button id="btn_leaveCancel" text="{i18n>cancelleaveoverview}" press="onCancelLeaveOverview" tooltip="{i18n>ttcancelleaveoverview}"
												enabled="false">
												<layoutData>
													<l:GridData span="XL3 L3 M3 S12"/>
												</layoutData>
											</Button>
											<Text text="{i18n>leaveoverview}">
												<layoutData>
													<l:GridData span="XL12 L12 M12 S12" linebreak="true"/>
												</layoutData>
											</Text>
											<t:Table id="ld_tbl_leaveoverview" selectionMode="Single" selectionBehavior="Row" visibleRowCount="3"
												rowSelectionChange="onLeaveEntrySelect" alternateRowColors="true">
												<t:layoutData>
													<l:GridData span="XL12 L12 M12 S12"/>
												</t:layoutData>
												<t:columns>
													<t:Column>
														<Label text="{i18n>subtyleave}" tooltip="{i18n>ttsubtyleavetable}"/>
														<t:template>
															<Text text="{SubtyText}" wrapping="false"/>
														</t:template>
													</t:Column>
													<t:Column>
														<Label text="{i18n>begda}" tooltip="{i18n>ttbegdatable}"/>
														<t:template>
															<Text text="{path: 'Begda', type: 'sap.ui.model.odata.type.DateTime', formatOptions: { pattern : 'dd.MM.YYYY' }}" wrapping="false"/>
														</t:template>
													</t:Column>
													<t:Column>
														<Label text="{i18n>endda}" tooltip="{i18n>ttenddatable}"/>
														<t:template>
															<Text text="{path: 'Endda', type: 'sap.ui.model.odata.type.DateTime', formatOptions: { pattern : 'dd.MM.YYYY' }}" wrapping="false"/>
														</t:template>
													</t:Column>
													<t:Column id="columnAbsPrevDay" visible="true">
														<Label text="{i18n>previousday}" tooltip="{i18n>previousday}"/>
														<t:template>
															<Text text="{path: 'PrevDay', formatter: '.formatter.tableBooleanText'}" wrapping="false"/>
														</t:template>
													</t:Column>
													<t:Column>
														<Label text="{i18n>starttime}" tooltip="{i18n>tttimefromtable}"/>
														<t:template>
															<Text
																text="{path: 'Beguz', type: 'sap.ui.model.odata.type.Time', formatOptions: { pattern : 'HH:mm' }, formatter: '.formatter.tableEmptyTime'}"
																wrapping="false"/>
														</t:template>
													</t:Column>
													<t:Column>
														<Label text="{i18n>endtime}" tooltip="{i18n>tttimetotable}"/>
														<t:template>
															<Text
																text="{path: 'Enduz', type: 'sap.ui.model.odata.type.Time', formatOptions: { pattern : 'HH:mm' }, formatter: '.formatter.tableEmptyTime'}"
																wrapping="false"/>
														</t:template>
													</t:Column>
													<t:Column>
														<Label text="{i18n>sprps}" tooltip="{i18n>ttsprps}"/>
														<t:template>
															<Text text="{path: 'Sprps', formatter: '.formatter.tableBooleanText'}" wrapping="false"/>
														</t:template>
													</t:Column>
													<t:Column id="columnAbsReason" visible="false">
														<Label text="{i18n>subtyreason}" tooltip="{i18n>ttselectsubtyreason}"/>
														<t:template>
															<Text text="{NoteText}" wrapping="false"/>
														</t:template>
													</t:Column>
													<t:Column id="columnAbsComment" visible="false">
														<Label text="{i18n>comment}" tooltip="{i18n>comment}"/>
														<t:template>
															<Text text="{Comment}" wrapping="false"/>
														</t:template>
													</t:Column>
												</t:columns>
											</t:Table>
											<Button text="{i18n>cancelleave}" press="onCancelLeave" tooltip="{i18n>ttcancelleave}">
												<layoutData>
													<l:GridData span="XL3 L3 M3 S12"/>
												</layoutData>
											</Button>
										</f:SimpleForm>
									</VBox>
								</ux:blocks>
							</ux:ObjectPageSubSection>
						</ux:subSections>
					</ux:ObjectPageSection>
					<ux:ObjectPageSection id="pnl_shift" title="{i18n>shiftPanelHeader}">
						<ux:subSections>
							<ux:ObjectPageSubSection>
								<ux:blocks>
									<VBox >
										<f:SimpleForm id="to_sf_shift" title="" layout="ResponsiveGridLayout" editable="true">
											<Text text="{i18n>currentShiftHeader}">
												<layoutData>
													<l:GridData span="XL3 L3 M3 S12" linebreak="true"/>
												</layoutData>
											</Text>
											<!--<Input id="ld_inp_shiftPlan" enabled="false" value="{ShiftName}">-->
											<Input id="ld_inp_shiftPlan" enabled="false" value="{TprogName}">
												<layoutData>
													<l:GridData span="XL3 L3 M3 S12" linebreak="true"/>
												</layoutData>
											</Input>
											<!--<TimePicker id="ld_tp_beguz_shiftPlan" valueFormat="HH:mm" displayFormat="HH:mm" placeholder="{i18n>timefrom}" tooltip="{i18n>tttimefrom}"-->
											<!--	visible="true" enabled="false" value="{CurrentBeguz}">-->
											<TimePicker id="ld_tp_beguz_shiftPlan" valueFormat="HH:mm:ss" displayFormat="HH:mm" placeholder="{i18n>timefrom}"
												tooltip="{i18n>tttimefrom}" visible="true" enabled="false"
												value="{ path: 'Beguz', type: 'sap.ui.model.odata.type.Time', formatOptions: { pattern : 'HH:mm' } }">
												<layoutData>
													<l:GridData span="XL2 L2 M2 S12"/>
												</layoutData>
											</TimePicker>
											<!--<TimePicker id="ld_tp_enduz_shiftPlan" valueFormat="HH:mm" displayFormat="HH:mm" placeholder="{i18n>timeto}" tooltip="{i18n>tttimeto}"-->
											<!--	visible="true" enabled="false" value="{CurrentEnduz}">-->
											<TimePicker id="ld_tp_enduz_shiftPlan" valueFormat="HH:mm:ss" displayFormat="HH:mm" placeholder="{i18n>timeto}" tooltip="{i18n>tttimeto}"
												visible="true" enabled="false" value="{ path: 'Enduz', type: 'sap.ui.model.odata.type.Time', formatOptions: { pattern : 'HH:mm' } }">
												<layoutData>
													<l:GridData span="XL2 L2 M2 S12"/>
												</layoutData>
											</TimePicker>
										</f:SimpleForm>
										<f:SimpleForm id="sf_shift_subst" title="" layout="ResponsiveGridLayout" editable="true">
											<Text text="{i18n>changeShiftHeader}">
												<layoutData>
													<l:GridData span="XL3 L3 M3 S12" linebreak="true"/>
												</layoutData>
											</Text>
											<Select id="ld_select_shift" tooltip="{i18n>ttselectshift}" change="onNewShiftSelect">
												<layoutData>
													<l:GridData span="XL3 L3 M3 S12" linebreak="true"/>
												</layoutData>
											</Select>
											<!--<Input id="inp_select_shift" value="{ShiftKey}" suggestionItems="{/availEmpShiftSet}" showSuggestion="true" startSuggestion="2"-->
											<!--	suggestionItemSelected="onSuggestionItemSelected">-->
											<!--	<suggestionItems>-->
											<!--		<core:ListItem key="{ShiftKey}" text="{ShiftKey}"></core:ListItem>-->
											<!--	</suggestionItems>-->
											<!--</Input>-->
											<!--<TimePicker id="ld_tp_beguz_shift" valueFormat="HH:mm" displayFormat="HH:mm" placeholder="{i18n>timefrom}" tooltip="{i18n>tttimefrom}"-->
											<!--	visible="true" enabled="false" change="onInputChangeShift">-->
											<TimePicker id="ld_tp_beguz_shift" valueFormat="HH:mm:ss" displayFormat="HH:mm" placeholder="{i18n>timefrom}" tooltip="{i18n>tttimefrom}"
												visible="true" enabled="false" change="onInputChangeShift">
												<layoutData>
													<l:GridData span="XL2 L2 M2 S12"/>
												</layoutData>
											</TimePicker>
											<!--<TimePicker id="ld_tp_enduz_shift" valueFormat="HH:mm" displayFormat="HH:mm" placeholder="{i18n>timeto}" tooltip="{i18n>tttimeto}"-->
											<!--	visible="true" enabled="false" change="onInputChangeShift" >-->
											<TimePicker id="ld_tp_enduz_shift" valueFormat="HH:mm:ss" displayFormat="HH:mm" placeholder="{i18n>timeto}" tooltip="{i18n>tttimeto}"
												visible="true" enabled="false" change="onInputChangeShift">
												<layoutData>
													<l:GridData span="XL2 L2 M2 S12"/>
												</layoutData>
											</TimePicker>
											<!--<CheckBox id="chb_ownShiftTimes" text="{i18n>ownShiftTimes}" selected="{IndividualShift}" select="onOwnShiftTimeSelect">-->
											<CheckBox id="chb_ownShiftTimes" text="{i18n>ownShiftTimes}" select="onOwnShiftTimeSelect">
												<layoutData>
													<l:GridData span="XL2 L2 M2 S12"/>
												</layoutData>
											</CheckBox>
											<!--<CheckBox id="chb_voluntary" text="{i18n>voluntaryshiftchange}" select="onTimesOverviewShiftVoluntary" selected="{Voluntary}">-->
											<CheckBox id="chb_voluntary" text="{i18n>voluntaryshiftchange}" select="onTimesOverviewShiftVoluntary">
												<layoutData>
													<l:GridData span="XL2 L2 M2 S12"/>
												</layoutData>
											</CheckBox>
											<Text id="ld_lbl_integratedOT" visible="false" text="{i18n>integratedOvertime}">
												<layoutData>
													<l:GridData span="XL3 L3 M3 S12" linebreak="true"/>
												</layoutData>
											</Text>
											<Input id="ld_inp_integratedOT" visible="false" enabled="false">
												<layoutData>
													<l:GridData span="XL3 L3 M3 S12" linebreak="true"/>
												</layoutData>
											</Input>
											<Select id="to_shift_select_subtype" tooltip="{i18n>ttselectshiftsubtype}" visible="false">
												<layoutData>
													<l:GridData span="XL3 L3 M3 S12" linebreak="true"/>
												</layoutData>
											</Select>
											<Select id="to_shift_select_tprogclass" tooltip="{i18n>ttselectshifttprogclass}" visible="false">
												<layoutData>
													<l:GridData span="XL3 L3 M3 S12"/>
												</layoutData>
											</Select>
											<Text text="" visible="true">
												<layoutData>
													<l:GridData span="XL2 L2 M2" linebreak="true"/>
												</layoutData>
											</Text>
											<Text id="lbl_break1" text="{i18n>shiftbreak1}" visible="false">
												<layoutData>
													<l:GridData span="XL1 L1 M1 S12"/>
												</layoutData>
											</Text>
											<!--<TimePicker id="ld_tp_beguz_break1" valueFormat="HH:mm" displayFormat="HH:mm" placeholder="{i18n>timefrom}" tooltip="{i18n>tttimefrom}"-->
											<!--	visible="false" change="onInputChangeShift">-->
											<TimePicker id="ld_tp_beguz_break1" valueFormat="HH:mm:ss" displayFormat="HH:mm" placeholder="{i18n>timefrom}" tooltip="{i18n>tttimefrom}"
												visible="false" change="onInputChangeShift">
												<layoutData>
													<l:GridData span="XL2 L2 M2 S12"/>
												</layoutData>
											</TimePicker>
											<!--<TimePicker id="ld_tp_enduz_break1" valueFormat="HH:mm" displayFormat="HH:mm" placeholder="{i18n>timeto}" tooltip="{i18n>tttimeto}"-->
											<!--	visible="false" change="onInputChangeShift">-->
											<TimePicker id="ld_tp_enduz_break1" valueFormat="HH:mm:ss" displayFormat="HH:mm" placeholder="{i18n>timeto}" tooltip="{i18n>tttimeto}"
												visible="false" change="onInputChangeShift">
												<layoutData>
													<l:GridData span="XL2 L2 M2 S12"/>
												</layoutData>
											</TimePicker>
											<Text text="" visible="true">
												<layoutData>
													<l:GridData span="XL2 L2 M2" linebreak="true"/>
												</layoutData>
											</Text>
											<Text id="lbl_break2" text="{i18n>shiftbreak2}" visible="false">
												<layoutData>
													<l:GridData span="XL1 L1 M1 S12"/>
												</layoutData>
											</Text>
											<!--<TimePicker id="ld_tp_beguz_break2" valueFormat="HH:mm" displayFormat="HH:mm" placeholder="{i18n>timefrom}" tooltip="{i18n>tttimefrom}"-->
											<!--	visible="false" change="onInputChangeShift">-->
											<TimePicker id="ld_tp_beguz_break2" valueFormat="HH:mm:ss" displayFormat="HH:mm" placeholder="{i18n>timefrom}" tooltip="{i18n>tttimefrom}"
												visible="false" change="onInputChangeShift">
												<layoutData>
													<l:GridData span="XL2 L2 M2 S12"/>
												</layoutData>
											</TimePicker>
											<!--<TimePicker id="ld_tp_enduz_break2" valueFormat="HH:mm" displayFormat="HH:mm" placeholder="{i18n>timeto}" tooltip="{i18n>tttimeto}"-->
											<!--	visible="false" change="onInputChangeShift">-->
											<TimePicker id="ld_tp_enduz_break2" valueFormat="HH:mm:ss" displayFormat="HH:mm" placeholder="{i18n>timeto}" tooltip="{i18n>tttimeto}"
												visible="false" change="onInputChangeShift">
												<layoutData>
													<l:GridData span="XL2 L2 M2 S12"/>
												</layoutData>
											</TimePicker>
											<Text id="lbl_comdat" text="{i18n>comdat}" visible="false">
												<layoutData>
													<l:GridData span="XL2 L1 M1 S12" linebreak="true"/>
												</layoutData>
											</Text>
											<DatePicker id="ld_dp_comdat" visible="false" placeholder="{i18n>comdat}" tooltip="{i18n>comdat}">
												<layoutData>
													<l:GridData span="XL2 L2 M2 S12" linebreak="true"/>
												</layoutData>
											</DatePicker>
											<TimePicker id="ld_tp_comuzeit" visible="false" valueFormat="HH:mm:ss" displayFormat="HH:mm" placeholder="{i18n>comuzeit}"
												tooltip="{i18n>comuzeit}">
												<layoutData>
													<l:GridData span="XL2 L2 M2 S12"/>
												</layoutData>
											</TimePicker>
											<Button id="btn_shiftChangeSave" text="{i18n>saveshiftchangeoverview}" press="onSaveShiftChangeOverview" tooltip="{i18n>ttsaveshift}">
												<layoutData>
													<l:GridData span="XL2 L2 M2 S12" linebreak="true"/>
												</layoutData>
											</Button>
											<Button id="btn_shiftChangeModify" text="{i18n>modifyshiftchangeoverview}" press="onModifyShiftChangeOverview"
												tooltip="{i18n>ttmodifyshift}" enabled="false">
												<layoutData>
													<l:GridData span="XL2 L2 M2 S12"/>
												</layoutData>
											</Button>
											<Button id="btn_shiftChangeCancel" text="{i18n>cancelshiftchangeoverview}" press="onCancelShiftChangeOverview"
												tooltip="{i18n>ttcancelcicooverview}" enabled="false">
												<layoutData>
													<l:GridData span="XL2 L2 M2 S12"/>
												</layoutData>
											</Button>
										</f:SimpleForm>
									</VBox>
								</ux:blocks>
							</ux:ObjectPageSubSection>
						</ux:subSections>
					</ux:ObjectPageSection>
					<ux:ObjectPageSection id="pnl_cico" title="{i18n>cicoPanelHeader}">
						<ux:subSections>
							<ux:ObjectPageSubSection>
								<ux:blocks>
									<f:SimpleForm title="" layout="ResponsiveGridLayout" editable="true">
										<DatePicker id="ld_dp_date" placeholder="{i18n>date}" change="onCicoEmployeeChange" tooltip="{i18n>ttdate}">
											<layoutData>
												<l:GridData span="XL3 L3 M3 S12"/>
											</layoutData>
										</DatePicker>
										<!--<TimePicker id="ld_tp_uz" valueFormat="HH:mm" displayFormat="HH:mm" placeholder="{i18n>time}" change="onCicoTimeChange"-->
										<TimePicker id="ld_tp_uz" valueFormat="HH:mm:ss" displayFormat="HH:mm:ss" placeholder="{i18n>time}" change="onCicoTimeChange"
											tooltip="{i18n>tttime}">
											<layoutData>
												<l:GridData span="XL3 L3 M3 S12"/>
											</layoutData>
										</TimePicker>
										<Select id="ld_select_timeevent" tooltip="{i18n>ttselecttimeeventty}" change="onInputChangeCico">
											<layoutData>
												<l:GridData span="XL3 L3 M3 S12"/>
											</layoutData>
										</Select>
										<CheckBox id="chb_cico_day" text="{i18n>previousday}" select="onInputChangeCico">
											<layoutData>
												<l:GridData span="XL3 L3 M3 S12"/>
											</layoutData>
										</CheckBox>
										<Input id="ld_inp_aufnr" type="Text" placeholder="{i18n>placeholderaufnr}" showSuggestion="true" suggest="handleSuggestAufnr"
											suggestionItems="{/aufNrSet}" change="onAufnrChange">
											<suggestionItems>
												<core:Item key="{Aufnr}" text="{Aufnr} - {Description}"/>
											</suggestionItems>
											<layoutData>
												<l:GridData span="XL3 L3 M3 S12" linebreak="true"/>
											</layoutData>
										</Input>
										<Input id="ld_inp_matnr" type="Text" placeholder="{i18n>placeholdermatnr}" showSuggestion="true" suggest="handleSuggestMatnr"
											suggestionItems="{/matNrSet}" change="onMatnrChange">
											<suggestionItems>
												<core:Item key="{Matnr}" text="{Matnr} - {Description}"/>
											</suggestionItems>
											<layoutData>
												<l:GridData span="XL3 L3 M3 S12"/>
											</layoutData>
										</Input>
										<Input id="ld_inp_zulage" type="Text" placeholder="{i18n>placeholderzulage}" showSuggestion="true" suggest="handleSuggestZulage"
											suggestionItems="{/zulagenSet}" change="onCicoDirty">
											<suggestionItems>
												<core:Item key="{Zulage}" text="{Zulage}"/>
											</suggestionItems>
											<layoutData>
												<l:GridData span="XL3 L3 M3 S12"/>
											</layoutData>
										</Input>
										<Input id="ld_inp_kostenst" type="Text" placeholder="{i18n>placeholderkostenst}" showSuggestion="true" suggest="handleSuggestKostenst"
											suggestionItems="{/kostenStSet}" change="onCicoDirty">
											<suggestionItems>
												<core:Item key="{Kostenst}" text="{Kostenst} - {Description}"/>
											</suggestionItems>
											<layoutData>
												<l:GridData span="XL3 L3 M3 S12"/>
											</layoutData>
										</Input>
										<Button id="btn_cicoSave" text="{i18n>savecico}" press="onSaveCico" tooltip="{i18n>ttsavecico}">
											<layoutData>
												<l:GridData span="XL3 L3 M3 S12" linebreak="true"/>
											</layoutData>
										</Button>
										<Button id="btn_cicoEdit" text="{i18n>editcicooverview}" press="onUpdateCico" tooltip="{i18n>tteditcicooverview}" enabled="false">
											<layoutData>
												<l:GridData span="XL3 L3 M3 S12"/>
											</layoutData>
										</Button>
										<Button id="btn_cicoCancel" text="{i18n>cancelcicooverview}" press="onCancelCicoOverview" tooltip="{i18n>ttcancelcicooverview}"
											enabled="false">
											<layoutData>
												<l:GridData span="XL3 L3 M3 S12"/>
											</layoutData>
										</Button>
										<Text text="{i18n>cicooverview}">
											<layoutData>
												<l:GridData span="XL12 L12 M12 S12"/>
											</layoutData>
										</Text>
										<t:Table id="ld_tbl_cicooverview" selectionMode="Single" selectionBehavior="Row" visibleRowCount="4" rowSelectionChange="onCicoEntrySelect"
											alternateRowColors="true" width="auto">
											<t:layoutData>
												<l:GridData span="XL12 L12 M12 S12"/>
											</t:layoutData>
											<t:columns>
												<t:Column>
													<Label text="{i18n>begda}" tooltip="{i18n>ttbegdatable}"/>
													<t:template>
														<!--<Text text="{Ldate}" wrapping="false"/>-->
														<Text wrapping="false" text="{ path: 'Ldate', type: 'sap.ui.model.odata.type.DateTime', formatOptions: { pattern : 'dd MMM yyyy' } }"/>
													</t:template>
												</t:Column>
												<t:Column>
													<Label text="{i18n>subtytimeevent}" tooltip="{i18n>ttsubtytimeeventtable}"/>
													<t:template>
														<Text text="{TimeeventTy}" wrapping="false"/>
													</t:template>
												</t:Column>
												<t:Column>
													<Label text="{i18n>ttdescription}" tooltip="{i18n>ttdescription}"/>
													<t:template>
														<Text text="{TimeeventText}" wrapping="false"/>
													</t:template>
												</t:Column>
												<t:Column>
													<Label text="{i18n>time}" tooltip="{i18n>tttimetable}"/>
													<t:template>
														<!--<Text text="{Ltime}" wrapping="false"/>-->
														<Text wrapping="false" text="{ path: 'Ltime', type: 'sap.ui.model.odata.type.Time', formatOptions: { pattern : 'HH:mm:ss' } }"/>
													</t:template>
												</t:Column>
												<t:Column>
													<Label text="{i18n>previousday}" tooltip="{i18n>previousday}"/>
													<t:template>
														<Text text="{ path: 'Prev', formatter: '.formatter.tableBooleanText'}" wrapping="false"/>
													</t:template>
												</t:Column>
												<t:Column>
													<Label text="{i18n>auftrag}" tooltip="{i18n>ttaufnr}"/>
													<t:template>
														<Text text="{Aufnr} {AufText}" wrapping="true"/>
													</t:template>
												</t:Column>
												<t:Column>
													<Label text="{i18n>material}" tooltip="{i18n>ttmatnr}"/>
													<t:template>
														<Text text="{Matnr} {MatText}" wrapping="true"/>
													</t:template>
												</t:Column>
												<t:Column>
													<Label text="{i18n>zulage}" tooltip="{i18n>ttzulage}"/>
													<t:template>
														<Text text="{Zulage}" wrapping="false"/>
													</t:template>
												</t:Column>
												<t:Column>
													<Label text="{i18n>kostenst}" tooltip="{i18n>ttkostenst}"/>
													<t:template>
														<Text text="{Kostenst}" wrapping="false"/>
													</t:template>
												</t:Column>
											</t:columns>
										</t:Table>
										<Button text="{i18n>deletecico}" press="onDeleteCico" tooltip="{i18n>ttdeletecico}">
											<layoutData>
												<l:GridData span="XL2 L2 M3 S12"/>
											</layoutData>
										</Button>
									</f:SimpleForm>
								</ux:blocks>
							</ux:ObjectPageSubSection>
						</ux:subSections>
					</ux:ObjectPageSection>
					<ux:ObjectPageSection id="pnl_overtime" title="{i18n>overtimePanelHeader}">
						<ux:subSections>
							<ux:ObjectPageSubSection>
								<ux:blocks>
									<f:SimpleForm title="" id="sf_overtime" layout="ResponsiveGridLayout" editable="true">
										<DatePicker id="ld_dp_begda_overtime" placeholder="{i18n>from}" change="onOvertimeInputChange" tooltip="{i18n>ttbegda}">
											<layoutData>
												<l:GridData span="XL3 L3 M3 S12"/>
											</layoutData>
										</DatePicker>
										<DatePicker id="ld_dp_endda_overtime" placeholder="{i18n>to}" change="onOvertimeInputChange" tooltip="{i18n>ttendda}">
											<layoutData>
												<l:GridData span="XL3 L3 M3 S12"/>
											</layoutData>
										</DatePicker>
										<Select id="ld_select_subty_overtime" tooltip="{i18n>ttselectsubtyovertime}" change="onOvertimeDirty">
											<layoutData>
												<l:GridData span="XL3 L3 M3 S12"/>
											</layoutData>
											<core:Item key="{Subty}" text="{SubtyText}"></core:Item>
										</Select>
										<Input id="ld_inp_amount_overtime" type="Number" visible="false" placeholder="{i18n>placeholderamount}" tooltip="{i18n>ttamount}"
											change="onInputChangeOvertime">
											<layoutData>
												<l:GridData span="XL3 L3 M3 S12"/>
											</layoutData>
										</Input>
										<TimePicker id="ld_tp_beguz_overtime" valueFormat="HH:mm" displayFormat="HH:mm" placeholder="{i18n>timefrom}" tooltip="{i18n>tttimefrom}"
											change="onOvertimeDirty">
											<layoutData>
												<l:GridData span="XL3 L3 M3 S12" linebreak="true"/>
											</layoutData>
										</TimePicker>
										<TimePicker id="ld_tp_enduz_overtime" valueFormat="HH:mm" displayFormat="HH:mm" placeholder="{i18n>timeto}" tooltip="{i18n>tttimeto}"
											change="onOvertimeDirty">
											<layoutData>
												<l:GridData span="XL3 L3 M3 S12"/>
											</layoutData>
										</TimePicker>
										<Select id="ld_select_versl_overtime" tooltip="{i18n>ttversl}" change="onOvertimeDirty">
											<layoutData>
												<l:GridData span="XL3 L3 M3 S12"/>
											</layoutData>
											<core:Item key="{Versl}" text="{VerslText}"></core:Item>
										</Select>
										<Select id="ld_select_comment_overtime" tooltip="{i18n>comment}" change="checkComment" visible="true">
											<layoutData>
												<l:GridData span="XL3 L3 M3 S12"/>
											</layoutData>
											<core:Item key="{CommentKey}" text="{Comment}"></core:Item>
										</Select>
										<Input id="ld_inp_comment_overtime" placeholder="{i18n>comment}" maxLength="50" visible="true">
											<layoutData>
												<l:GridData span="XL12 L12 M12 S12"/>
											</layoutData>
											<core:Item key="{CommentKey}" text="{Comment}"></core:Item>
										</Input>
										<Button id="btn_overtimeSave" text="{i18n>saveovertime}" press="onSaveOvertime" tooltip="{i18n>ttsaveovertime}">
											<layoutData>
												<l:GridData span="XL3 L3 M3 S12" linebreak="true"/>
											</layoutData>
										</Button>
										<Button id="btn_overtimeEdit" text="{i18n>editovertimeoverview}" press="onUpdateOvertime" tooltip="{i18n>tteditovertimeoverview}"
											enabled="false">
											<layoutData>
												<l:GridData span="XL3 L3 M3 S12"/>
											</layoutData>
										</Button>
										<Button id="btn_overtimeCancel" text="{i18n>cancelovertimeoverview}" press="onCancelOvertimeOverview"
											tooltip="{i18n>ttcancelovertimeoverview}" enabled="false">
											<layoutData>
												<l:GridData span="XL3 L3 M3 S12"/>
											</layoutData>
										</Button>
										<Text text="{i18n>overtimeoverview}">
											<layoutData>
												<l:GridData span="XL12 L12 M12 S12"/>
											</layoutData>
										</Text>
										<t:Table id="ld_tbl_overtimeoverview" selectionMode="Single" selectionBehavior="Row" visibleRowCount="4"
											rowSelectionChange="onOvertimeEntrySelect" alternateRowColors="true" width="auto">
											<t:layoutData>
												<l:GridData span="XL12 L12 M12 S12"/>
											</t:layoutData>
											<t:columns>
												<t:Column>
													<Label text="{i18n>subtyovertime}" tooltip="{i18n>ttsubtyovertimetable}"/>
													<t:template>
														<Text text="{SubtyText}" wrapping="false"/>
													</t:template>
												</t:Column>
												<t:Column>
													<Label text="{i18n>verslovertime}" tooltip="{i18n>ttverslovertimetable}"/>
													<t:template>
														<Text text="{VerslText}" wrapping="false"/>
													</t:template>
												</t:Column>
												<t:Column>
													<Label text="{i18n>begda}" tooltip="{i18n>ttbegdatable}"/>
													<t:template>
														<Text text="{Begda}" wrapping="false"/>
													</t:template>
												</t:Column>
												<t:Column>
													<Label text="{i18n>endda}" tooltip="{i18n>ttenddatable}"/>
													<t:template>
														<Text text="{Endda}" wrapping="false"/>
													</t:template>
												</t:Column>
												<t:Column>
													<Label text="{i18n>starttime}" tooltip="{i18n>tttimefromtable}"/>
													<t:template>
														<Text text="{StartTime}" wrapping="false"/>
													</t:template>
												</t:Column>
												<t:Column>
													<Label text="{i18n>endtime}" tooltip="{i18n>tttimetotable}"/>
													<t:template>
														<Text text="{EndTime}" wrapping="false"/>
													</t:template>
												</t:Column>
												<t:Column>
													<Label text="{i18n>amount}" tooltip="{i18n>ttamounttable}"/>
													<t:template>
														<Text text="{Amount}" wrapping="false"/>
													</t:template>
												</t:Column>
												<t:Column>
													<Label text="{i18n>comment}" tooltip="{i18n>ttamounttable}"/>
													<t:template>
														<Text text="{CommentKeyLong}" wrapping="false"/>
													</t:template>
												</t:Column>
												<t:Column>
													<Label text="{i18n>additionalcomment}" tooltip="{i18n>ttamounttable}"/>
													<t:template>
														<Text text="{Comment}" wrapping="false"/>
													</t:template>
												</t:Column>
												<!--<t:Column>-->
												<!--	<Label text="{i18n>action}"/>-->
												<!--	<t:template>-->
												<!--		<Button id="btn_deleteOvertimeOverview" enabled="true" icon="sap-icon://delete" press="onCancelOvertime" tooltip="{i18n>ttcancelovertime}"></Button>-->
												<!--	</t:template>-->
												<!--</t:Column>-->
											</t:columns>
										</t:Table>
										<Button text="{i18n>cancelovertime}" press="onCancelOvertime" tooltip="{i18n>ttcancelovertime}">
											<layoutData>
												<l:GridData span="XL2 L2 M3 S12"/>
											</layoutData>
										</Button>
									</f:SimpleForm>
								</ux:blocks>
							</ux:ObjectPageSubSection>
						</ux:subSections>
					</ux:ObjectPageSection>
					<ux:ObjectPageSection id="pnl_allowance" title="{i18n>maintallowance}">
						<ux:subSections>
							<ux:ObjectPageSubSection>
								<ux:blocks>
									<f:SimpleForm layout="ResponsiveGridLayout" editable="true">
										<Select id="ld_select_Allowance" tooltip="{i18n>ttselectallowance}" change="onNewAllowanceSelect">
											<layoutData>
												<l:GridData span="XL3 L3 M3 S12"/>
											</layoutData>
										</Select>
										<Input id="ld_inp_allowanceHours" enabled="true" type="Number" placeholder="{i18n>ttamounttable}" change="onInputChangeAllowHours"
											visible="{AllowanceModel>/Allowance/AnzhlActive}">
											<layoutData>
												<l:GridData span="XL3 L3 M3 S12"/>
											</layoutData>
										</Input>
										<Input id="ld_inp_allowanceTimeUnit" width="100px" visible="{AllowanceModel>/Allowance/ZeinhActive}">
											<layoutData>
												<l:GridData span="XL3 L3 M3 S12"/>
											</layoutData>
										</Input>
										<Input id="ld_inp_allowanceAmount" enabled="true" placeholder="{i18n>allowanceamount}" change="onInputChangeAllowAmount"
											visible="{AllowanceModel>/Allowance/BetrgActive}">
											<layoutData>
												<l:GridData span="XL3 L3 M3 S12"/>
											</layoutData>
										</Input>
										<Select id="ld_inp_allowancePayGroup" forceSelection="false" visible="{AllowanceModel>/Allowance/TrfgrActive}">
											<layoutData>
												<l:GridData span="XL3 L3 M3 S12"/>
											</layoutData>
										</Select>
										<Select id="ld_inp_allowanceExtReg" forceSelection="false" visible="{AllowanceModel>/Allowance/ExbelActive}">
											<layoutData>
												<l:GridData span="XL3 L3 M3 S12"/>
											</layoutData>
										</Select>
										<Input id="ld_inp_allowanceReason" placeholder="{i18n>comment}" visible="{AllowanceModel>/Allowance/CommentActive}">
											<layoutData>
												<l:GridData span="XL3 L3 M3 S12"/>
											</layoutData>
										</Input>
										<Button id="btn_allowanceAdd" text="{i18n>addallowance}" enabled="true" press="onAddAllowance">
											<layoutData>
												<l:GridData span="XL3 L3 M3 S12" linebreak="true"/>
											</layoutData>
										</Button>
										<Button id="btn_allowanceUpdate" text="{i18n>updateallowance}" enabled="false" press="onUpdateAllowance">
											<layoutData>
												<l:GridData span="XL3 L3 M3 S12"/>
											</layoutData>
										</Button>
										<Button id="btn_allowanceCancel" text="{i18n>cancelallowance}" enabled="false" press="onCancelAllowance">
											<layoutData>
												<l:GridData span="XL3 L3 M3 S12"/>
											</layoutData>
										</Button>
										<t:Table id="ld_tbl_allowanceOverview" selectionMode="Single" selectionBehavior="Row" visibleRowCount="4"
											rowSelectionChange="onAllowanceEntrySelect" alternateRowColors="true" width="auto">
											<t:layoutData>
												<l:GridData span="XL12 L12 M12 S12"/>
											</t:layoutData>
											<t:columns>
												<t:Column>
													<Label text="{i18n>date}"/>
													<t:template>
														<Text text="{ZDate}" wrapping="false"/>
													</t:template>
												</t:Column>
												<t:Column>
													<Label text="{i18n>zulage}"/>
													<t:template>
														<Text text="{AllowText}" wrapping="false"/>
													</t:template>
												</t:Column>
												<t:Column>
													<Label text="{i18n>ttamounttable}"/>
													<t:template>
														<Text text="{ZHours}" wrapping="false"/>
													</t:template>
												</t:Column>
												<t:Column>
													<Label text="{i18n>time-unit}"/>
													<t:template>
														<Text text="{ZZeinh}" wrapping="false"/>
													</t:template>
												</t:Column>
												<t:Column>
													<Label text="{i18n>allowanceamount}"/>
													<t:template>
														<Text text="{ZAmount}" wrapping="false"/>
													</t:template>
												</t:Column>
												<t:Column>
													<Label text="{i18n>pay-group}"/>
													<t:template>
														<Text text="{ZTrfgr}" wrapping="false"/>
													</t:template>
												</t:Column>
												<t:Column>
													<Label text="{i18n>ext-reg-number}"/>
													<t:template>
														<Text text="{ZExbel}" wrapping="false"/>
													</t:template>
												</t:Column>
											</t:columns>
										</t:Table>
										<Button id="btn_allowanceDel" text="{i18n>deleteallowance}" enabled="false" press="onDeleteAllowance">
											<layoutData>
												<l:GridData span="XL3 L3 M3 S12"/>
											</layoutData>
										</Button>
									</f:SimpleForm>
								</ux:blocks>
							</ux:ObjectPageSubSection>
						</ux:subSections>
					</ux:ObjectPageSection>
					<ux:ObjectPageSection id="pnl_timetransfer" title="{i18n>timetransferPanelHeader}">
						<ux:subSections>
							<ux:ObjectPageSubSection>
								<ux:blocks>
									<f:SimpleForm title="" id="sf_timetransfer" layout="ResponsiveGridLayout" editable="true">
										<DatePicker id="ld_dp_begda_timetransfer" placeholder="{i18n>from}" change="onTimeTransferInputChange" tooltip="{i18n>ttbegda}">
											<layoutData>
												<l:GridData span="XL3 L3 M3 S12"/>
											</layoutData>
										</DatePicker>
										<DatePicker id="ld_dp_endda_timetransfer" placeholder="{i18n>to}" change="onTimeTransferInputChange" tooltip="{i18n>ttendda}">
											<layoutData>
												<l:GridData span="XL3 L3 M3 S12"/>
											</layoutData>
										</DatePicker>
										<Select id="ld_select_subty_timetransfer" tooltip="{i18n>subtyotimetransfer}" change="onTimeTransferInputChange">
											<layoutData>
												<l:GridData span="XL3 L3 M3 S12"/>
											</layoutData>
										</Select>
										<Input id="ld_inp_amount_timetransfer" type="Number" placeholder="{i18n>placeholderamount}" tooltip="{i18n>ttamount}"
											change="onInputChangeTimeTransfer">
											<layoutData>
												<l:GridData span="XL3 L3 M3 S12"/>
											</layoutData>
										</Input>
										<Button id="btn_timeTransfer_Save" text="{i18n>txtsave}" press="onCreateTimeTransfer" tooltip="{i18n>txtsave}" enabled="true">
											<layoutData>
												<l:GridData span="XL3 L3 M3 S12" linebreak="true"/>
											</layoutData>
										</Button>
										<Button id="btn_timetransferEdit" text="{i18n>btnchange}" press="onUpdateTimeTransfer" tooltip="{i18n>btnchange}" enabled="false">
											<layoutData>
												<l:GridData span="XL3 L3 M3 S12"/>
											</layoutData>
										</Button>
										<Button id="btn_timetransferCancel" text="{i18n>txtcancel}" press="onCancelTimeTransfer" tooltip="{i18n>txtcancel}" enabled="false">
											<layoutData>
												<l:GridData span="XL3 L3 M3 S12"/>
											</layoutData>
										</Button>
										<t:Table id="ld_tbl_timetransferoverview" selectionMode="Single" selectionBehavior="Row" visibleRowCount="4"
											rowSelectionChange="onTimeTransferEntrySelect" alternateRowColors="true" width="auto">
											<t:layoutData>
												<l:GridData span="XL12 L12 M12 S12"/>
											</t:layoutData>
											<t:columns>
												<t:Column>
													<Label text="{i18n>subtyotimetransfer}" tooltip="{i18n>ttsubtyovertimetable}"/>
													<t:template>
														<Text text="{Subty}" wrapping="false"/>
													</t:template>
												</t:Column>
												<t:Column>
													<Label text="{i18n>begda}" tooltip="{i18n>ttbegdatable}"/>
													<t:template>
														<Text text="{Begda}" wrapping="false"/>
													</t:template>
												</t:Column>
												<t:Column>
													<Label text="{i18n>endda}" tooltip="{i18n>ttenddatable}"/>
													<t:template>
														<Text text="{Endda}" wrapping="false"/>
													</t:template>
												</t:Column>
												<t:Column>
													<Label text="{i18n>amount}" tooltip="{i18n>ttamounttable}"/>
													<t:template>
														<Text text="{Amount}" wrapping="false"/>
													</t:template>
												</t:Column>
											</t:columns>
										</t:Table>
										<Button id="btn_timetransferDel" text="{i18n>delete}" press="onDeleteTimeTransfer" tooltip="{i18n>delete}">
											<layoutData>
												<l:GridData span="XL2 L2 M3 S12"/>
											</layoutData>
										</Button>
									</f:SimpleForm>
								</ux:blocks>
							</ux:ObjectPageSubSection>
						</ux:subSections>
					</ux:ObjectPageSection>
				</ux:sections>
			</ux:ObjectPageLayout>
		</content>
		<endButton>
			<Button text="{i18n>close}" press="onCloseTimeOverviewDialogViaButton" tooltip="{i18n>ttclose}"></Button>
		</endButton>
	</Dialog>
</core:FragmentDefinition>