{
  "Component-dbg.js": 1628061399515,
  "Component-preload.js": 1628061400275,
  "Component.js": 1628050494000,
  "controller/FragmentCyclicLeave-dbg.js": 1628061399515,
  "controller/FragmentCyclicLeave.js": 1628050496000,
  "controller/FragmentExportRosterPDF-dbg.js": 1628061399515,
  "controller/FragmentExportRosterPDF.js": 1628050496000,
  "controller/FragmentQualPick-dbg.js": 1628061399535,
  "controller/FragmentQualPick.js": 1628050496000,
  "controller/FragmentSelectEmployee-dbg.js": 1628061399535,
  "controller/FragmentSelectEmployee.js": 1628050496000,
  "controller/Main-dbg.controller.js": 1628061399535,
  "controller/Main.controller.js": 1628050496000,
  "controls/customTable-dbg.js": 1628061399535,
  "controls/customTable.js": 1628050496000,
  "css/style-dbg.css": 1628061399555,
  "css/style.css": 1628050496000,
  "css/tinyuicss-dbg.css": 1628061399555,
  "css/tinyuicss.css": 1628050496000,
  "fragments/AbsencePick.fragment.xml": 1628050496000,
  "fragments/ChangeDefaultQualification.fragment.xml": 1628050496000,
  "fragments/ChangePlanTimes.fragment.xml": 1628050496000,
  "fragments/ChangeQualification.fragment.xml": 1628050496000,
  "fragments/ChangeUnit.fragment.xml": 1628050496000,
  "fragments/CicoCreate.fragment.xml": 1628050496000,
  "fragments/ColorLegend.fragment.xml": 1628050496000,
  "fragments/Comments.fragment.xml": 1628050496000,
  "fragments/CyclicLeave.fragment.xml": 1628050496000,
  "fragments/EmployeeData.fragment.xml": 1628050496000,
  "fragments/EmployeeSort.fragment.xml": 1628050496000,
  "fragments/ExportRosterPDF.fragment.xml": 1628050496000,
  "fragments/FavoriteFeatures.fragment.xml": 1628050496000,
  "fragments/FormDownload.fragment.xml": 1628050496000,
  "fragments/FormTimeStatementCreate.fragment.xml": 1628050496000,
  "fragments/HideShowColumns.fragment.xml": 1628050496000,
  "fragments/LeaveCreate.fragment.xml": 1628050496000,
  "fragments/Log.fragment.xml": 1628050496000,
  "fragments/MaintainDemand.fragment.xml": 1628050496000,
  "fragments/MaintainDemandShiftGroup.fragment.xml": 1628050496000,
  "fragments/MaintainDemandShiftGroupForMan.fragment.xml": 1628050496000,
  "fragments/Newsletter.fragment.xml": 1628050496000,
  "fragments/OvertimeCreate.fragment.xml": 1628050496000,
  "fragments/PlanEmpExcelCreate.fragment.xml": 1628050496000,
  "fragments/PlanExcelCreate.fragment.xml": 1628050496000,
  "fragments/PoolEmployee.fragment.xml": 1628050496000,
  "fragments/QualPick.fragment.xml": 1628050496000,
  "fragments/RollingPlan.fragment.xml": 1628050496000,
  "fragments/RpTime.fragment.xml": 1628050496000,
  "fragments/SearchEmployee.fragment.xml": 1628050496000,
  "fragments/SelectDropdowns.fragment.xml": 1628050496000,
  "fragments/SelectEmployee.fragment.xml": 1628050496000,
  "fragments/ShiftSubstitution.fragment.xml": 1628050496000,
  "fragments/TimesOverview.fragment.xml": 1628050496000,
  "fragments/VerleihungAnlegen.fragment.xml": 1628050496000,
  "fragments/Werkerverleihung.fragment.xml": 1628050496000,
  "fragments/addNewBusinessTime.fragment.xml": 1628050496000,
  "fragments/timesoverview/main.fragment.xml": 1628050496000,
  "fragments/timesoverview/sections/absence.fragment.xml": 1628050496000,
  "fragments/timesoverview/sections/allowance.fragment.xml": 1628050496000,
  "fragments/timesoverview/sections/cico.fragment.xml": 1628050496000,
  "fragments/timesoverview/sections/overtime.fragment.xml": 1628050496000,
  "fragments/timesoverview/sections/shift.fragment.xml": 1628050496000,
  "fragments/timesoverview/sections/timereport.fragment.xml": 1628050496000,
  "fragments/timesoverview/sections/timetransfer.fragment.xml": 1628050496000,
  "i18n/i18n_de.properties": 1628050496000,
  "i18n/i18n_en.properties": 1628050496000,
  "index.html": 1628050494000,
  "manifest-bundle.zip": 1628061400915,
  "manifest.json": 1628061385525,
  "model/Comments.json": 1628050496000,
  "model/TimStatView.json": 1628050496000,
  "model/models-dbg.js": 1628061399535,
  "model/models.js": 1628050496000,
  "model/searchedEmployee.json": 1628050496000,
  "neo-app.json": 1628061400515,
  "serviceBinding-dbg.js": 1628061399535,
  "serviceBinding.js": 1628050494000,
  "utils/DataUtil-dbg.js": 1628061399535,
  "utils/DataUtil.js": 1628050496000,
  "utils/Formatter-dbg.js": 1628061399535,
  "utils/Formatter.js": 1628050496000,
  "utils/Helper-dbg.js": 1628061399535,
  "utils/Helper.js": 1628050496000,
  "utils/Rptime-dbg.js": 1628061399555,
  "utils/Rptime.js": 1628050496000,
  "utils/Tables-dbg.js": 1628061399555,
  "utils/Tables.js": 1628050496000,
  "utils/TimesOverview-dbg.js": 1628061399555,
  "utils/TimesOverview.js": 1628050496000,
  "view/Main.view.xml": 1628050496000
}