<core:FragmentDefinition xmlns="sap.m" xmlns:core="sap.ui.core" xmlns:f="sap.ui.layout.form" xmlns:t="sap.ui.table" xmlns:l="sap.ui.layout">
	<f:SimpleForm layout="ResponsiveGridLayout" editable="true">
		<DatePicker id="ld_dp_begda_leave"
			value="{type: 'sap.ui.model.type.DateTime', formatOptions: { style: 'long', strictParsing: true , UTC: true }}" placeholder="{i18n>from}"
			tooltip="{i18n>ttbegda}" dateValue="{TO>/TO_ABS/ld_dp_begda_leave}">
			<layoutData>
				<l:GridData span="XL3 L3 M3 S12"/>
			</layoutData>
		</DatePicker>
		<DatePicker id="ld_dp_endda_leave" placeholder="{i18n>to}" tooltip="{i18n>ttendda}"
			dateValue="{TO>/TO_ABS/ld_dp_endda_leave}">
			<layoutData>
				<l:GridData span="XL3 L3 M3 S12"/>
			</layoutData>
		</DatePicker>
		<CheckBox id="chb_absence_day" text="{i18n>previousday}">
			<layoutData>
				<l:GridData span="XL3 L3 M3 S12"/>
			</layoutData>
		</CheckBox>
		<Select id="ld_select_subty_leave" tooltip="{i18n>ttselectsubtyleave}" change="onLeaveSubtyChange"
			items="{path:'pepyear>/SubtypSet', suspended: true}" forceSelection="false">
			<items>
				<core:Item text="{pepyear>Subty} - {pepyear>SubtyText}" key="{pepyear>Subty}">
					<core:customData>
						<core:CustomData key="ganztaegig" value="{pepyear>Ganztaegig}"/>
						<core:CustomData key="Infty" value="{pepyear>Infty}"/>
						<core:CustomData key="ReasonMand" value="{pepyear>ReasonMand}"/>
					</core:customData>
				</core:Item>
			</items>
			<layoutData>
				<l:GridData span="XL3 L3 M3 S12" linebreak="true"/>
			</layoutData>
		</Select>
		<Select id="ld_select_subty_reason" forceSelection="false" tooltip="{i18n>ttselectsubtyreason}"
			visible="{= ${UserData>/features/TO_ABS_REA/IsActive} || false}" change="checkCommentAbsenceReason" busyIndicatorDelay="0"
			items="{path: '/messageNoteSet', suspended: true, filters: [ {path: 'MsgType', operator: 'EQ', value1: 'ABSENCE'} ]}">
			<layoutData>
				<l:GridData span="XL3 L3 M3 S12"/>
			</layoutData>
			<core:Item key="{NoteKey}" text="{NoteText}"></core:Item>
		</Select>
		<Input id="ld_inp_subty_reason" placeholder="{i18n>comment}" visible="{= ${UserData>/features/TO_ABS_REA/IsActive} || false}" maxLength="50">
			<layoutData>
				<l:GridData span="XL3 L3 M3 S12"/>
			</layoutData>
		</Input>
		<TimePicker id="ld_tp_beguz_leave" valueFormat="HH:mm" displayFormat="HH:mm" placeholder="{i18n>timefrom}" tooltip="{i18n>tttimefrom}"
			visible="false" change="onInputChangeAbsBeguz">
			<layoutData>
				<l:GridData span="XL3 L3 M3 S12" linebreak="true"/>
			</layoutData>
		</TimePicker>
		<Input id="ld_inp_duration_leave" placeholder="{i18n>duration}" tooltip="{i18n>duration}" type="Number" change="onChangeDurationAbsence"
			visible="false">
			<layoutData>
				<l:GridData span="XL3 L3 M3 S12"/>
			</layoutData>
		</Input>
		<TimePicker id="ld_tp_enduz_leave" valueFormat="HH:mm" displayFormat="HH:mm" placeholder="{i18n>timeto}" tooltip="{i18n>tttimeto}"
			visible="false" change="onInputChangeAbsEnduz">
			<layoutData>
				<l:GridData span="XL3 L3 M3 S12"/>
			</layoutData>
		</TimePicker>
		<CheckBox id="chb_sprps" text="{i18n>sprps}" visible="{= ${UserData>/features/TO_LOCKIND/IsActive} || false }" select="onInputChangeAbs">
			<layoutData>
				<l:GridData span="XL4 L4 M4 S12" linebreak="true"/>
			</layoutData>
		</CheckBox>
		<Button id="btn_leaveSave" text="{i18n>saveleave}" press="onSaveLeave" tooltip="{i18n>ttsaveleave}">
			<layoutData>
				<l:GridData span="XL3 L3 M3 S12" linebreak="true"/>
			</layoutData>
		</Button>
		<Button id="btn_leaveEdit" text="{i18n>editleaveoverview}" press="onUpdateLeave" tooltip="{i18n>tteditleaveoverview}" enabled="false">
			<layoutData>
				<l:GridData span="XL3 L3 M3 S12"/>
			</layoutData>
		</Button>
		<Button id="btn_leaveCancel" text="{i18n>cancelleaveoverview}" press="onCancelLeaveOverview" tooltip="{i18n>ttcancelleaveoverview}"
			enabled="false">
			<layoutData>
				<l:GridData span="XL3 L3 M3 S12"/>
			</layoutData>
		</Button>
		<Text text="{i18n>leaveoverview}">
			<layoutData>
				<l:GridData span="XL12 L12 M12 S12" linebreak="true"/>
			</layoutData>
		</Text>
		<t:Table id="ld_tbl_leaveoverview" selectionMode="Single" selectionBehavior="Row" visibleRowCount="3"
			rowSelectionChange="onLeaveEntrySelect" alternateRowColors="true" busy="true" busyIndicatorDelay="0"
			rows="{path: '/absenceSet', suspended: true}">
			<t:layoutData>
				<l:GridData span="XL12 L12 M12 S12"/>
			</t:layoutData>
			<t:columns>
				<t:Column>
					<Label text="{i18n>subtyleave}" tooltip="{i18n>ttsubtyleavetable}"/>
					<t:template>
						<Text text="{SubtyText}" wrapping="false"/>
					</t:template>
				</t:Column>
				<t:Column>
					<Label text="{i18n>begda}" tooltip="{i18n>ttbegdatable}"/>
					<t:template>
						<Text text="{path: 'Begda', type: 'sap.ui.model.odata.type.DateTime', formatOptions: { pattern : 'dd.MM.YYYY' }}" wrapping="false"/>
						<!--<DatePicker dateValue="{Begda}"  editable="{= ${enabledDate} === undefined ? false : ${enabledDate}}" displayFormat="short"/>-->
					</t:template>
				</t:Column>
				<t:Column>
					<Label text="{i18n>endda}" tooltip="{i18n>ttenddatable}"/>
					<t:template>
						<Text text="{path: 'Endda', type: 'sap.ui.model.odata.type.DateTime', formatOptions: { pattern : 'dd.MM.YYYY' }}" wrapping="false"/>
						<!--<DatePicker dateValue="{Endda}"  editable="{= ${enabledDate} === undefined ? false : ${enabledDate}}" displayFormat="short"/>-->
					</t:template>
				</t:Column>
				<t:Column id="columnAbsPrevDay" visible="true">
					<Label text="{i18n>previousday}" tooltip="{i18n>previousday}"/>
					<t:template>
						<Text text="{path: 'PrevDay', formatter: '.tableBooleanText'}" wrapping="false"/>
					</t:template>
				</t:Column>
				<t:Column>
					<Label text="{i18n>starttime}" tooltip="{i18n>tttimefromtable}"/>
					<t:template>
						<Text
							text="{path: 'Beguz', type: 'sap.ui.model.odata.type.Time', formatOptions: { pattern : 'HH:mm' }, formatter: '.formatter.tableEmptyTime'}"
							wrapping="false"/>
					</t:template>
				</t:Column>
				<t:Column>
					<Label text="{i18n>endtime}" tooltip="{i18n>tttimetotable}"/>
					<t:template>
						<Text
							text="{path: 'Enduz', type: 'sap.ui.model.odata.type.Time', formatOptions: { pattern : 'HH:mm' }, formatter: '.formatter.tableEmptyTime'}"
							wrapping="false"/>
					</t:template>
				</t:Column>
				<t:Column>
					<Label text="{i18n>sprps}" tooltip="{i18n>ttsprps}"/>
					<t:template>
						<Text text="{path: 'Sprps', formatter: '.tableBooleanText'}" wrapping="false"/>
					</t:template>
				</t:Column>
				<t:Column id="columnAbsReason" visible="{= ${UserData>/features/TO_ABS_REA/IsActive} || false }">
					<Label text="{i18n>subtyreason}" tooltip="{i18n>ttselectsubtyreason}"/>
					<t:template>
						<Text text="{NoteText}" wrapping="false"/>
					</t:template>
				</t:Column>
				<t:Column id="columnAbsComment" visible="{= ${UserData>/features/TO_ABS_REA/IsActive} || false }">
					<Label text="{i18n>comment}" tooltip="{i18n>comment}"/>
					<t:template>
						<Text text="{Comment}" wrapping="false"/>
					</t:template>
				</t:Column>
			</t:columns>
		</t:Table>
		<Button text="{i18n>cancelleave}" press="onCancelLeave" tooltip="{i18n>ttcancelleave}">
			<layoutData>
				<l:GridData span="XL3 L3 M3 S12"/>
			</layoutData>
		</Button>
	</f:SimpleForm>
</core:FragmentDefinition>