<core:FragmentDefinition xmlns="sap.m" xmlns:core="sap.ui.core" xmlns:f="sap.ui.layout.form"
	xmlns:t="sap.ui.table" xmlns:l="sap.ui.layout">
	<f:SimpleForm layout="ResponsiveGridLayout" editable="true">
		<DatePicker dateValue="{TO>/TO_ALLOW/dateValue}">
			<layoutData>
				<l:GridData span="XL3 L3 M3 S12"/>
			</layoutData>
		</DatePicker>
		<Select id="ld_select_Allowance" tooltip="{i18n>ttselectallowance}" change="onNewAllowanceSelect" items="{path: '/availAllowShiftSet', suspended: true}">
			<layoutData>
				<l:GridData span="XL3 L3 M3 S12"/>
			</layoutData>
			<core:Item text="{AllowText}" key="{Zulage}" />
		</Select>
		<Input id="ld_inp_allowanceHours" enabled="true" type="Number" placeholder="{i18n>ttamounttable}" change="onInputChangeAllowHours"
			visible="{AllowanceModel>/Allowance/AnzhlActive}">
			<layoutData>
				<l:GridData span="XL3 L3 M3 S12"/>
			</layoutData>
		</Input>
		<Input id="ld_inp_allowanceTimeUnit" width="100px" visible="{AllowanceModel>/Allowance/ZeinhActive}">
			<layoutData>
				<l:GridData span="XL3 L3 M3 S12"/>
			</layoutData>
		</Input>
		<Input id="ld_inp_allowanceAmount" visible="{AllowanceModel>/Allowance/BetrgActive}" enabled="true" placeholder="{i18n>allowanceamount}"
			change="onInputChangeAllowAmount">
			<layoutData>
				<l:GridData span="XL3 L3 M3 S12"/>
			</layoutData>
		</Input>
		<Select id="ld_inp_allowancePayGroup" forceSelection="false" visible="{AllowanceModel>/Allowance/TrfgrActive}">
			<layoutData>
				<l:GridData span="XL3 L3 M3 S12"/>
			</layoutData>
		</Select>
		<Select id="ld_inp_allowanceExtReg" forceSelection="false" visible="{AllowanceModel>/Allowance/ExbelActive}">
			<layoutData>
				<l:GridData span="XL3 L3 M3 S12"/>
			</layoutData>
		</Select>
		<Input id="ld_inp_allowanceReason" placeholder="{i18n>comment}" visible="{AllowanceModel>/Allowance/CommentActive}">
			<layoutData>
				<l:GridData span="XL3 L3 M3 S12"/>
			</layoutData>
		</Input>
		<Button id="btn_allowanceAdd" text="{i18n>addallowance}" enabled="{= ${TO>/TO_ALLOW/vMode} === 'create'}" press="onAddAllowance">
			<layoutData>
				<l:GridData span="XL3 L3 M3 S12" linebreak="true"/>
			</layoutData>
		</Button>
		<Button id="btn_allowanceUpdate" text="{i18n>updateallowance}" enabled="{= ${TO>/TO_ALLOW/vMode} === 'edit'}" press="onUpdateAllowance">
			<layoutData>
				<l:GridData span="XL3 L3 M3 S12"/>
			</layoutData>
		</Button>
		<Button id="btn_allowanceCancel" text="{i18n>cancelallowance}" enabled="{= ${TO>/TO_ALLOW/vMode} === 'edit'}" press="onCancelAllowance">
			<layoutData>
				<l:GridData span="XL3 L3 M3 S12"/>
			</layoutData>
		</Button>
		<t:Table id="ld_tbl_allowanceOverview" selectionMode="Single" selectionBehavior="Row" visibleRowCount="4"
			rowSelectionChange="onAllowanceEntrySelect" alternateRowColors="true" width="auto" busyIndicatorDelay="0" busy="true"
			rows="{path: '/allowanceSet', suspended: true}">
			<t:layoutData>
				<l:GridData span="XL12 L12 M12 S12"/>
			</t:layoutData>
			<t:columns>
				<t:Column>
					<Label text="{i18n>date}"/>
					<t:template>
						<Text text="{ZDate}" wrapping="false"/>
					</t:template>
				</t:Column>
				<t:Column>
					<Label text="{i18n>zulage}"/>
					<t:template>
						<Text text="{AllowText}" wrapping="false"/>
					</t:template>
				</t:Column>
				<t:Column>
					<Label text="{i18n>ttamounttable}"/>
					<t:template>
						<Text text="{ZHours}" wrapping="false"/>
					</t:template>
				</t:Column>
				<t:Column>
					<Label text="{i18n>time-unit}"/>
					<t:template>
						<Text text="{ZZeinh}" wrapping="false"/>
					</t:template>
				</t:Column>
				<t:Column>
					<Label text="{i18n>allowanceamount}"/>
					<t:template>
						<Text text="{ZAmount}" wrapping="false"/>
					</t:template>
				</t:Column>
				<t:Column>
					<Label text="{i18n>pay-group}"/>
					<t:template>
						<Text text="{ZTrfgr}" wrapping="false"/>
					</t:template>
				</t:Column>
				<t:Column>
					<Label text="{i18n>ext-reg-number}"/>
					<t:template>
						<Text text="{ZExbel}" wrapping="false"/>
					</t:template>
				</t:Column>
			</t:columns>
		</t:Table>
		<Button id="btn_allowanceDel" text="{i18n>deleteallowance}" enabled="{= ${TO>/TO_ALLOW/vMode} === 'edit'}" press="onDeleteAllowance">
			<layoutData>
				<l:GridData span="XL3 L3 M3 S12"/>
			</layoutData>
		</Button>
	</f:SimpleForm>
</core:FragmentDefinition>