<core:FragmentDefinition xmlns="sap.m" xmlns:core="sap.ui.core" xmlns:f="sap.ui.layout.form" xmlns:t="sap.ui.table" xmlns:l="sap.ui.layout">
	<f:SimpleForm title="" layout="ResponsiveGridLayout" editable="true">
		<DatePicker id="ld_dp_date" placeholder="{i18n>date}" tooltip="{i18n>ttdate}" dateValue="{TO>/TO_CICO/ld_dp_date}">
			<layoutData>
				<l:GridData span="XL3 L3 M3 S12"/>
			</layoutData>
		</DatePicker>
		<TimePicker id="ld_tp_uz" valueFormat="HH:mm:ss" displayFormat="HH:mm:ss" placeholder="{i18n>time}" change="onCicoTimeChange"
			tooltip="{i18n>tttime}">
			<layoutData>
				<l:GridData span="XL3 L3 M3 S12"/>
			</layoutData>
		</TimePicker>
		<Select id="ld_select_timeevent" tooltip="{i18n>ttselecttimeeventty}" change="onInputChangeCico">
			<layoutData>
				<l:GridData span="XL3 L3 M3 S12"/>
			</layoutData>
		</Select>
		<CheckBox id="chb_cico_day" text="{i18n>previousday}" select="onInputChangeCico">
			<layoutData>
				<l:GridData span="XL3 L3 M3 S12"/>
			</layoutData>
		</CheckBox>
		<Input id="ld_inp_aufnr" type="Text" placeholder="{i18n>placeholderaufnr}" showSuggestion="true" suggest="handleSuggestAufnr"
			suggestionItems="{/aufNrSet}" change="onAufnrChange">
			<suggestionItems>
				<core:Item key="{Aufnr}" text="{Aufnr} - {Description}"/>
			</suggestionItems>
			<layoutData>
				<l:GridData span="XL3 L3 M3 S12" linebreak="true"/>
			</layoutData>
		</Input>
		<Input id="ld_inp_matnr" type="Text" placeholder="{i18n>placeholdermatnr}" showSuggestion="true" suggest="handleSuggestMatnr"
			suggestionItems="{/matNrSet}" change="onMatnrChange">
			<suggestionItems>
				<core:Item key="{Matnr}" text="{Matnr} - {Description}"/>
			</suggestionItems>
			<layoutData>
				<l:GridData span="XL3 L3 M3 S12"/>
			</layoutData>
		</Input>
		<Input id="ld_inp_zulage" type="Text" placeholder="{i18n>placeholderzulage}" showSuggestion="true" suggest="handleSuggestZulage"
			suggestionItems="{/zulagenSet}" change="onCicoDirty">
			<suggestionItems>
				<core:Item key="{Zulage}" text="{Zulage}"/>
			</suggestionItems>
			<layoutData>
				<l:GridData span="XL3 L3 M3 S12"/>
			</layoutData>
		</Input>
		<Input id="ld_inp_kostenst" type="Text" placeholder="{i18n>placeholderkostenst}" showSuggestion="true" suggest="handleSuggestKostenst"
			suggestionItems="{/kostenStSet}" change="onCicoDirty">
			<suggestionItems>
				<core:Item key="{Kostenst}" text="{Kostenst} - {Description}"/>
			</suggestionItems>
			<layoutData>
				<l:GridData span="XL3 L3 M3 S12"/>
			</layoutData>
		</Input>
		<Button id="btn_cicoSave" text="{i18n>savecico}" press="onSaveCico" tooltip="{i18n>ttsavecico}">
			<layoutData>
				<l:GridData span="XL3 L3 M3 S12" linebreak="true"/>
			</layoutData>
		</Button>
		<Button id="btn_cicoEdit" text="{i18n>editcicooverview}" press="onUpdateCico" tooltip="{i18n>tteditcicooverview}" enabled="false">
			<layoutData>
				<l:GridData span="XL3 L3 M3 S12"/>
			</layoutData>
		</Button>
		<Button id="btn_cicoCancel" text="{i18n>cancelcicooverview}" press="onCancelCicoOverview" tooltip="{i18n>ttcancelcicooverview}"
			enabled="false">
			<layoutData>
				<l:GridData span="XL3 L3 M3 S12"/>
			</layoutData>
		</Button>
		<Text text="{i18n>cicooverview}">
			<layoutData>
				<l:GridData span="XL12 L12 M12 S12"/>
			</layoutData>
		</Text>
		<t:Table id="ld_tbl_cicooverview" selectionMode="Single" selectionBehavior="Row" visibleRowCount="4" rowSelectionChange="onCicoEntrySelect"
			alternateRowColors="true" width="auto">
			<t:layoutData>
				<l:GridData span="XL12 L12 M12 S12"/>
			</t:layoutData>
			<t:columns>
				<t:Column>
					<Label text="{i18n>begda}" tooltip="{i18n>ttbegdatable}"/>
					<t:template>
						<Text wrapping="false" text="{ path: 'Ldate', type: 'sap.ui.model.odata.type.Date', formatOptions: {style: 'short' } }"/>
					</t:template>
				</t:Column>
				<t:Column>
					<Label text="{i18n>subtytimeevent}" tooltip="{i18n>ttsubtytimeeventtable}"/>
					<t:template>
						<Text text="{TimeeventTy}" wrapping="false"/>
					</t:template>
				</t:Column>
				<t:Column>
					<Label text="{i18n>ttdescription}" tooltip="{i18n>ttdescription}"/>
					<t:template>
						<Text text="{TimeeventText}" wrapping="false"/>
					</t:template>
				</t:Column>
				<t:Column>
					<Label text="{i18n>time}" tooltip="{i18n>tttimetable}"/>
					<t:template>
						<Text wrapping="false" text="{ path: 'Ltime', type: 'sap.ui.model.odata.type.Time', formatOptions: { pattern : 'HH:mm:ss' } }"/>
					</t:template>
				</t:Column>
				<t:Column>
					<Label text="{i18n>previousday}" tooltip="{i18n>previousday}"/>
					<t:template>
						<Text text="{ path: 'Prev', formatter: '.tableBooleanText'}" wrapping="false"/>
					</t:template>
				</t:Column>
				<t:Column>
					<Label text="{i18n>auftrag}" tooltip="{i18n>ttaufnr}"/>
					<t:template>
						<Text text="{Aufnr} {AufText}" wrapping="true"/>
					</t:template>
				</t:Column>
				<t:Column>
					<Label text="{i18n>material}" tooltip="{i18n>ttmatnr}"/>
					<t:template>
						<Text text="{Matnr} {MatText}" wrapping="true"/>
					</t:template>
				</t:Column>
				<t:Column>
					<Label text="{i18n>zulage}" tooltip="{i18n>ttzulage}"/>
					<t:template>
						<Text text="{Zulage}" wrapping="false"/>
					</t:template>
				</t:Column>
				<t:Column>
					<Label text="{i18n>kostenst}" tooltip="{i18n>ttkostenst}"/>
					<t:template>
						<Text text="{Kostenst}" wrapping="false"/>
					</t:template>
				</t:Column>
			</t:columns>
		</t:Table>
		<Button text="{i18n>deletecico}" press="onDeleteCico" tooltip="{i18n>ttdeletecico}">
			<layoutData>
				<l:GridData span="XL2 L2 M3 S12"/>
			</layoutData>
		</Button>
	</f:SimpleForm>
</core:FragmentDefinition>