<core:FragmentDefinition xmlns="sap.m" xmlns:core="sap.ui.core" xmlns:f="sap.ui.layout.form"
	xmlns:t="sap.ui.table" xmlns:l="sap.ui.layout">
	<f:SimpleForm title="" id="sf_overtime" layout="ResponsiveGridLayout" editable="true">
		<DatePicker id="ld_dp_begda_overtime" placeholder="{i18n>from}" tooltip="{i18n>ttbegda}" dateValue="{TO>/TO_OVERT/ld_dp_begda_overtime}">
			<layoutData>
				<l:GridData span="XL3 L3 M3 S12"/>
			</layoutData>
		</DatePicker>
		<DatePicker id="ld_dp_endda_overtime" placeholder="{i18n>to}" tooltip="{i18n>ttendda}" dateValue="{TO>/TO_OVERT/ld_dp_endda_overtime}">
			<layoutData>
				<l:GridData span="XL3 L3 M3 S12"/>
			</layoutData>
		</DatePicker>
		<Select id="ld_select_subty_overtime" tooltip="{i18n>ttselectsubtyovertime}" change="onOvertimeDirty" items="{path: '/subtypOvtSet', suspended: true}">
			<layoutData>
				<l:GridData span="XL3 L3 M3 S12"/>
			</layoutData>
			<core:Item key="{Subty}" text="{SubtyText}"></core:Item>
		</Select>
		<Input id="ld_inp_amount_overtime" type="Number" placeholder="{i18n>placeholderamount}" tooltip="{i18n>ttamount}"
			change="onInputChangeOvertime" visible="{= ${UserData>/features/TO_OVERT_F/IsActive} || false}">
			<layoutData>
				<l:GridData span="XL3 L3 M3 S12"/>
			</layoutData>
		</Input>
		<TimePicker id="ld_tp_beguz_overtime" valueFormat="HH:mm" displayFormat="HH:mm" placeholder="{i18n>timefrom}" tooltip="{i18n>tttimefrom}"
			change="onOvertimeDirty">
			<layoutData>
				<l:GridData span="XL3 L3 M3 S12" linebreak="true"/>
			</layoutData>
		</TimePicker>
		<TimePicker id="ld_tp_enduz_overtime" valueFormat="HH:mm" displayFormat="HH:mm" placeholder="{i18n>timeto}" tooltip="{i18n>tttimeto}"
			change="onOvertimeDirty">
			<layoutData>
				<l:GridData span="XL3 L3 M3 S12"/>
			</layoutData>
		</TimePicker>
		<Select id="ld_select_versl_overtime" tooltip="{i18n>ttversl}" change="onOvertimeDirty" items="{path: '/verslSet', suspended: true}">
			<layoutData>
				<l:GridData span="XL3 L3 M3 S12"/>
			</layoutData>
			<core:Item key="{Versl}" text="{VerslText}"></core:Item>
		</Select>
		<Select id="ld_select_comment_overtime" tooltip="{i18n>comment}" change="checkComment" visible="true" 
			items="{path: '/messageNoteSet', suspended: true}" selectedKey="{TO>/TO_OVERT/selected_comment}">
			<layoutData>
				<l:GridData span="XL3 L3 M3 S12"/>
			</layoutData>
			<core:Item key="{NoteKey}" text="{NoteText}"></core:Item>
		</Select>
		<Input id="ld_inp_comment_overtime" placeholder="{i18n>comment}" maxLength="50" required="{= ${TO>/TO_OVERT/selected_comment} === 'SONST'}">
			<layoutData>
				<l:GridData span="XL12 L12 M12 S12"/>
			</layoutData>
			<core:Item key="{CommentKey}" text="{Comment}"></core:Item>
		</Input>
		<Button id="btn_overtimeSave" text="{i18n>saveovertime}" press="onSaveOvertime" tooltip="{i18n>ttsaveovertime}">
			<layoutData>
				<l:GridData span="XL3 L3 M3 S12" linebreak="true"/>
			</layoutData>
		</Button>
		<Button id="btn_overtimeEdit" text="{i18n>editovertimeoverview}" press="onUpdateOvertime" tooltip="{i18n>tteditovertimeoverview}"
			enabled="false">
			<layoutData>
				<l:GridData span="XL3 L3 M3 S12"/>
			</layoutData>
		</Button>
		<Button id="btn_overtimeCancel" text="{i18n>cancelovertimeoverview}" press="onCancelOvertimeOverview"
			tooltip="{i18n>ttcancelovertimeoverview}" enabled="false">
			<layoutData>
				<l:GridData span="XL3 L3 M3 S12"/>
			</layoutData>
		</Button>
		<Text text="{i18n>overtimeoverview}">
			<layoutData>
				<l:GridData span="XL12 L12 M12 S12"/>
			</layoutData>
		</Text>
		<t:Table id="ld_tbl_overtimeoverview" selectionMode="Single" selectionBehavior="Row" visibleRowCount="4"
			rowSelectionChange="onOvertimeEntrySelect" alternateRowColors="true" width="auto" busyIndicatorDelay="0"
			busy="true" rows="{path: '/overtimeSet', suspended: true}">
			<t:layoutData>
				<l:GridData span="XL12 L12 M12 S12"/>
			</t:layoutData>
			<t:columns>
				<t:Column>
					<Label text="{i18n>subtyovertime}" tooltip="{i18n>ttsubtyovertimetable}"/>
					<t:template>
						<Text text="{SubtyText}" wrapping="false"/>
					</t:template>
				</t:Column>
				<t:Column>
					<Label text="{i18n>verslovertime}" tooltip="{i18n>ttverslovertimetable}"/>
					<t:template>
						<Text text="{VerslText}" wrapping="false"/>
					</t:template>
				</t:Column>
				<t:Column>
					<Label text="{i18n>begda}" tooltip="{i18n>ttbegdatable}"/>
					<t:template>
						<Text text="{Begda}" wrapping="false"/>
					</t:template>
				</t:Column>
				<t:Column>
					<Label text="{i18n>endda}" tooltip="{i18n>ttenddatable}"/>
					<t:template>
						<Text text="{Endda}" wrapping="false"/>
					</t:template>
				</t:Column>
				<t:Column>
					<Label text="{i18n>starttime}" tooltip="{i18n>tttimefromtable}"/>
					<t:template>
						<Text text="{StartTime}" wrapping="false"/>
					</t:template>
				</t:Column>
				<t:Column>
					<Label text="{i18n>endtime}" tooltip="{i18n>tttimetotable}"/>
					<t:template>
						<Text text="{EndTime}" wrapping="false"/>
					</t:template>
				</t:Column>
				<t:Column>
					<Label text="{i18n>amount}" tooltip="{i18n>ttamounttable}"/>
					<t:template>
						<Text text="{Amount}" wrapping="false"/>
					</t:template>
				</t:Column>
				<t:Column>
					<Label text="{i18n>comment}" tooltip="{i18n>ttamounttable}"/>
					<t:template>
						<Text text="{CommentKeyLong}" wrapping="false"/>
					</t:template>
				</t:Column>
				<t:Column>
					<Label text="{i18n>additionalcomment}" tooltip="{i18n>ttamounttable}"/>
					<t:template>
						<Text text="{Comment}" wrapping="false"/>
					</t:template>
				</t:Column>
				<!--<t:Column>-->
				<!--	<Label text="{i18n>action}"/>-->
				<!--	<t:template>-->
				<!--		<Button id="btn_deleteOvertimeOverview" enabled="true" icon="sap-icon://delete" press="onCancelOvertime" tooltip="{i18n>ttcancelovertime}"></Button>-->
				<!--	</t:template>-->
				<!--</t:Column>-->
			</t:columns>
		</t:Table>
		<Button text="{i18n>cancelovertime}" press="onCancelOvertime" tooltip="{i18n>ttcancelovertime}">
			<layoutData>
				<l:GridData span="XL2 L2 M3 S12"/>
			</layoutData>
		</Button>
	</f:SimpleForm>
</core:FragmentDefinition>