<core:FragmentDefinition xmlns="sap.m" xmlns:core="sap.ui.core" xmlns:f="sap.ui.layout.form" xmlns:t="sap.ui.table" xmlns:l="sap.ui.layout">
	<VBox>
		<t:Table id="ld_tbl_shiftoverview" selectionMode="Single" selectionBehavior="Row" visibleRowCount="4" alternateRowColors="true" width="auto"
			busyIndicatorDelay="0" rowSelectionChange="onShiftSelection" rows="{path: '/substitutionSet', suspended: true}">
			<t:layoutData>
				<l:GridData span="XL12 L12 M12 S12"/>
			</t:layoutData>
			<t:columns>
				<t:Column>
					<Label text="{i18n>date}" tooltip="{i18n>ttdate}"/>
					<t:template>
						<Text text="{path: 'ShiftDate', type: 'sap.ui.model.type.Date', formatOptions: {style: 'short'}}" wrapping="false"/>
					</t:template>
				</t:Column>
				<t:Column>
					<Label text="{i18n>currentShiftHeader}" tooltip="{i18n>ttoriginalshift}"/>
					<t:template>
						<Text text="{Tprog} {TprogName}" wrapping="false"/>
					</t:template>
				</t:Column>
				<t:Column>
					<Label text="{i18n>plannedShiftColumnHeader}" tooltip="{i18n>ttplannedShiftColumnHeader}"/>
					<t:template>
						<Text text="{SubstTprog} {SubstTprogName}" wrapping="false"/>
					</t:template>
				</t:Column>
			</t:columns>
		</t:Table>
		<f:SimpleForm id="to_sf_shift" title="" layout="ResponsiveGridLayout" editable="true" visible="{TO>/TO_SHIFT/SelectedShift}">
			<Text text="{i18n>currentShiftHeader}">
				<layoutData>
					<l:GridData span="XL3 L3 M3 S12" linebreak="true"/>
				</layoutData>
			</Text>
			<Input id="ld_inp_shiftPlan" enabled="false" value="{TprogName}">
				<layoutData>
					<l:GridData span="XL3 L3 M3 S12" linebreak="true"/>
				</layoutData>
			</Input>
			<TimePicker id="ld_tp_beguz_shiftPlan" valueFormat="HH:mm:ss" displayFormat="HH:mm" placeholder="{i18n>timefrom}"
				tooltip="{i18n>tttimefrom}" visible="true" enabled="false"
				value="{ path: 'Beguz', type: 'sap.ui.model.odata.type.Time', formatOptions: { pattern : 'HH:mm' } }">
				<layoutData>
					<l:GridData span="XL2 L2 M2 S12"/>
				</layoutData>
			</TimePicker>
			<TimePicker id="ld_tp_enduz_shiftPlan" valueFormat="HH:mm:ss" displayFormat="HH:mm" placeholder="{i18n>timeto}" tooltip="{i18n>tttimeto}"
				visible="true" enabled="false" value="{ path: 'Enduz', type: 'sap.ui.model.odata.type.Time', formatOptions: { pattern : 'HH:mm' } }">
				<layoutData>
					<l:GridData span="XL2 L2 M2 S12"/>
				</layoutData>
			</TimePicker>
		</f:SimpleForm>
		<f:SimpleForm id="sf_shift_subst" title="" layout="ResponsiveGridLayout" editable="true" visible="{TO>/TO_SHIFT/SelectedShift}">
			<Text text="{i18n>changeShiftHeader}">
				<layoutData>
					<l:GridData span="XL3 L3 M3 S12" linebreak="true"/>
				</layoutData>
			</Text>
			<Select id="ld_select_shift" tooltip="{i18n>ttselectshift}" change="onNewShiftSelect" items="{path:'/availEmpShiftSet', suspended: true}"
				forceSelection="false">
				<items>
					<core:Item key="{ShiftKey}" text="{ShiftName} - {ShiftKey}"/>
				</items>
				<layoutData>
					<l:GridData span="XL3 L3 M3 S12" linebreak="true"/>
				</layoutData>
			</Select>
			<TimePicker id="ld_tp_beguz_shift" valueFormat="HH:mm:ss" displayFormat="HH:mm" placeholder="{i18n>timefrom}" tooltip="{i18n>tttimefrom}"
				visible="true" enabled="{= ${SubstTprog} === '****' }" change="onInputChangeShift">
				<layoutData>
					<l:GridData span="XL2 L2 M2 S12"/>
				</layoutData>
			</TimePicker>
			<TimePicker id="ld_tp_enduz_shift" valueFormat="HH:mm:ss" displayFormat="HH:mm" placeholder="{i18n>timeto}" tooltip="{i18n>tttimeto}"
				visible="true" enabled="{= ${SubstTprog} === '****' }" change="onInputChangeShift">
				<layoutData>
					<l:GridData span="XL2 L2 M2 S12"/>
				</layoutData>
			</TimePicker>
			<CheckBox id="chb_ownShiftTimes" text="{i18n>ownShiftTimes}" selected="{:= ${SubstOwnSh} }" select="onOwnShiftTimeSelect">
				<layoutData>
					<l:GridData span="XL2 L2 M2 S12"/>
				</layoutData>
			</CheckBox>
			<CheckBox id="chb_voluntary" text="{i18n>voluntaryshiftchange}" select="onTimesOverviewShiftVoluntary"
				visible="{= !${UserData>/features/TO_VTART/IsActive}}">
				<layoutData>
					<l:GridData span="XL2 L2 M2 S12"/>
				</layoutData>
			</CheckBox>
			<Text id="ld_lbl_integratedOT" visible="{= ${UserData>/features/TO_INTEGOT/IsActive} || false }" text="{i18n>integratedOvertime}">
				<layoutData>
					<l:GridData span="XL3 L3 M3 S12" linebreak="true"/>
				</layoutData>
			</Text>
			<Input id="ld_inp_integratedOT" visible="{= ${UserData>/features/TO_INTEGOT/IsActive} || false}" enabled="false">
				<layoutData>
					<l:GridData span="XL3 L3 M3 S12" linebreak="true"/>
				</layoutData>
			</Input>
			<Select id="to_shift_select_subtype" tooltip="{i18n>ttselectshiftsubtype}" visible="{= ${UserData>/features/TO_VTART/IsActive} || false}"
				items="{path:'/vtArtSet', suspended: true}">
				<items>
					<core:Item key="{Vtart}" text="{= ${Vtart} === '00' ? '' : (${Vtart} + ' - ' + ${VtartText}) }"/>
				</items>
				<layoutData>
					<l:GridData span="XL3 L3 M3 S12" linebreak="true"/>
				</layoutData>
			</Select>
			<Select id="to_shift_select_tprogclass" tooltip="{i18n>ttselectshifttprogclass}"
				visible="{= ${UserData>/features/TO_TPROGCL/IsActive} || false}" items="{/tprogClassSet}">
				<items>
					<core:Item text="{Text}" key="{Tpkla}"/>
				</items>
				<layoutData>
					<l:GridData span="XL3 L3 M3 S12"/>
				</layoutData>
			</Select>
			<Text text="" visible="true">
				<layoutData>
					<l:GridData span="XL2 L2 M2" linebreak="true"/>
				</layoutData>
			</Text>
			<Text id="lbl_break1" text="{i18n>shiftbreak1}" visible="{= ${TO>/TO_SHIFT/break1} || false}">
				<layoutData>
					<l:GridData span="XL1 L1 M1 S12"/>
				</layoutData>
			</Text>
			<TimePicker id="ld_tp_beguz_break1" valueFormat="HH:mm:ss" displayFormat="HH:mm" placeholder="{i18n>timefrom}" tooltip="{i18n>tttimefrom}"
				visible="{= ${TO>/TO_SHIFT/break1} || false}" change="onInputChangeShift" value="{SubstBeguzBr1}">
				<layoutData>
					<l:GridData span="XL2 L2 M2 S12"/>
				</layoutData>
			</TimePicker>
			<TimePicker id="ld_tp_enduz_break1" valueFormat="HH:mm:ss" displayFormat="HH:mm" placeholder="{i18n>timeto}" tooltip="{i18n>tttimeto}"
				visible="{= ${TO>/TO_SHIFT/break1} || false}" change="onInputChangeShift" value="{SubstEnduzBr1}">
				<layoutData>
					<l:GridData span="XL2 L2 M2 S12"/>
				</layoutData>
			</TimePicker>
			<Text text="" visible="true">
				<layoutData>
					<l:GridData span="XL2 L2 M2" linebreak="true"/>
				</layoutData>
			</Text>
			<Text id="lbl_break2" text="{i18n>shiftbreak2}" visible="{= ${TO>/TO_SHIFT/break2} || false}">
				<layoutData>
					<l:GridData span="XL1 L1 M1 S12"/>
				</layoutData>
			</Text>
			<TimePicker id="ld_tp_beguz_break2" valueFormat="HH:mm:ss" displayFormat="HH:mm" placeholder="{i18n>timefrom}" tooltip="{i18n>tttimefrom}"
				visible="{= ${TO>/TO_SHIFT/break2} || false}" change="onInputChangeShift" value="{SubstBeguzBr2}">
				<layoutData>
					<l:GridData span="XL2 L2 M2 S12"/>
				</layoutData>
			</TimePicker>
			<TimePicker id="ld_tp_enduz_break2" valueFormat="HH:mm:ss" displayFormat="HH:mm" placeholder="{i18n>timeto}" tooltip="{i18n>tttimeto}"
				visible="{= ${TO>/TO_SHIFT/break2} || false}" change="onInputChangeShift" value="{SubstEnduzBr2}">
				<layoutData>
					<l:GridData span="XL2 L2 M2 S12"/>
				</layoutData>
			</TimePicker>
			<Text id="lbl_comdat" text="{i18n>comdat}" visible="{= ${UserData>/features/COMMDATE/IsActive} || false }">
				<layoutData>
					<l:GridData span="XL2 L1 M1 S12" linebreak="true"/>
				</layoutData>
			</Text>
			<DatePicker id="ld_dp_comdat" visible="{= ${UserData>/features/COMMDATE/IsActive} || false }" placeholder="{i18n>comdat}"
				tooltip="{i18n>comdat}" dateValue="{TO>/TO_SHIFT/Comdate}">
				<layoutData>
					<l:GridData span="XL2 L2 M2 S12" linebreak="true"/>
				</layoutData>
			</DatePicker>
			<TimePicker id="ld_tp_comuzeit" visible="{= ${UserData>/features/COMMDATE/IsActive} || false}" valueFormat="HH:mm:ss" displayFormat="HH:mm"
				placeholder="{i18n>comuzeit}" tooltip="{i18n>comuzeit}" value="{TO>/TO_SHIFT/Comuzeit}">
				<layoutData>
					<l:GridData span="XL2 L2 M2 S12"/>
				</layoutData>
			</TimePicker>
			<Button id="btn_shiftChangeSave" text="{i18n>saveshiftchangeoverview}" press="onSaveShiftChangeOverview" tooltip="{i18n>ttsaveshift}">
				<layoutData>
					<l:GridData span="XL2 L2 M2 S12" linebreak="true"/>
				</layoutData>
			</Button>
			<Button id="btn_shiftChangeModify" text="{i18n>modifyshiftchangeoverview}" press="onModifyShiftChangeOverview"
				tooltip="{i18n>ttmodifyshift}" enabled="false">
				<layoutData>
					<l:GridData span="XL2 L2 M2 S12"/>
				</layoutData>
			</Button>
			<Button id="btn_shiftChangeCancel" text="{i18n>cancelshiftchangeoverview}" press="onCancelShiftChangeOverview"
				tooltip="{i18n>ttcancelcicooverview}" enabled="false">
				<layoutData>
					<l:GridData span="XL2 L2 M2 S12"/>
				</layoutData>
			</Button>
		</f:SimpleForm>
	</VBox>
</core:FragmentDefinition>