<core:FragmentDefinition xmlns="sap.m" xmlns:ux="sap.uxap" xmlns:core="sap.ui.core" xmlns:u="sap.ui.unified" xmlns:f="sap.ui.layout.form"
	xmlns:t="sap.ui.table" xmlns:l="sap.ui.layout">
	<f:SimpleForm title="" id="sf_timetransfer" layout="ResponsiveGridLayout" editable="true">
		<DatePicker id="ld_dp_begda_timetransfer" placeholder="{i18n>from}" tooltip="{i18n>ttbegda}"
			enabled="{= ${TO>/TO_TIMET/vMode} === 'create'}" dateValue="{TO>/TO_TIMET/ld_dp_begda_timetransfer}">
			<layoutData>
				<l:GridData span="XL3 L3 M3 S12"/>
			</layoutData>
		</DatePicker>
		<DatePicker id="ld_dp_endda_timetransfer" placeholder="{i18n>to}" tooltip="{i18n>ttendda}"
			enabled="{= ${TO>/TO_TIMET/vMode} === 'create'}" dateValue="{TO>/TO_TIMET/ld_dp_endda_timetransfer}">
			<layoutData>
				<l:GridData span="XL3 L3 M3 S12"/>
			</layoutData>
		</DatePicker>
		<Select id="ld_select_subty_timetransfer" tooltip="{i18n>subtyotimetransfer}" change="onTimeTransferInputChange"
			items="{path: '/timeTransferSubtySet', suspended: true}" enabled="{= ${TO>/TO_TIMET/vMode} === 'create'}">
			<layoutData>
				<l:GridData span="XL3 L3 M3 S12"/>
			</layoutData>
			<core:Item text="{Subty} - {Text}" key="{Subty}" />
		</Select>
		<Input id="ld_inp_amount_timetransfer" type="Number" placeholder="{i18n>placeholderamount}" tooltip="{i18n>ttamount}">
			<layoutData>
				<l:GridData span="XL3 L3 M3 S12"/>
			</layoutData>
		</Input>
		<Button id="btn_timeTransfer_Save" text="{i18n>txtsave}" press="onCreateTimeTransfer" tooltip="{i18n>txtsave}" enabled="{= ${TO>/TO_TIMET/vMode} === 'create'}">
			<layoutData>
				<l:GridData span="XL3 L3 M3 S12" linebreak="true"/>
			</layoutData>
		</Button>
		<Button id="btn_timetransferEdit" text="{i18n>btnchange}" press="onUpdateTimeTransfer" tooltip="{i18n>btnchange}" enabled="{= ${TO>/TO_TIMET/vMode} === 'edit'}">
			<layoutData>
				<l:GridData span="XL3 L3 M3 S12"/>
			</layoutData>
		</Button>
		<Button id="btn_timetransferCancel" text="{i18n>txtcancel}" press="onCancelTimeTransfer" tooltip="{i18n>txtcancel}" enabled="{= ${TO>/TO_TIMET/vMode} === 'edit'}">
			<layoutData>
				<l:GridData span="XL3 L3 M3 S12"/>
			</layoutData>
		</Button>
		<t:Table id="ld_tbl_timetransferoverview" selectionMode="Single" selectionBehavior="Row" visibleRowCount="4"
			rowSelectionChange="onTimeTransferEntrySelect" alternateRowColors="true" width="auto" busyIndicatorDelay="0" busy="true"
			rows="{path: '/timeTransferSet', suspended: true}">
			<t:layoutData>
				<l:GridData span="XL12 L12 M12 S12"/>
			</t:layoutData>
			<t:columns>
				<t:Column>
					<Label text="{i18n>subtyotimetransfer}" tooltip="{i18n>ttsubtyovertimetable}"/>
					<t:template>
						<Text text="{Subty}" wrapping="false"/>
					</t:template>
				</t:Column>
				<t:Column>
					<Label text="{i18n>begda}" tooltip="{i18n>ttbegdatable}"/>
					<t:template>
						<Text text="{Begda}" wrapping="false"/>
					</t:template>
				</t:Column>
				<t:Column>
					<Label text="{i18n>endda}" tooltip="{i18n>ttenddatable}"/>
					<t:template>
						<Text text="{Endda}" wrapping="false"/>
					</t:template>
				</t:Column>
				<t:Column>
					<Label text="{i18n>amount}" tooltip="{i18n>ttamounttable}"/>
					<t:template>
						<Text text="{Amount}" wrapping="false"/>
					</t:template>
				</t:Column>
			</t:columns>
		</t:Table>
		<Button id="btn_timetransferDel" text="{i18n>delete}" press="onDeleteTimeTransfer" tooltip="{i18n>delete}" enabled="{= ${TO>/TO_TIMET/vMode} === 'edit'}">
			<layoutData>
				<l:GridData span="XL2 L2 M3 S12"/>
			</layoutData>
		</Button>
	</f:SimpleForm>
</core:FragmentDefinition>